<?xml version="1.0"?>
<Runs Version="1" Minor="0">
	<Run Id="design_1_ZmodAWGController_0_0_synth_1" LaunchDir="Z:/DAT096/signal generator/project_2/project_2.runs/design_1_ZmodAWGController_0_0_synth_1" FlowId="Vivado_Synthesis" FromStepId="vivado" ToStepId="vivado"/>
	<Run Id="design_1_clk_wiz_0_0_synth_1" LaunchDir="Z:/DAT096/signal generator/project_2/project_2.runs/design_1_clk_wiz_0_0_synth_1" FlowId="Vivado_Synthesis" FromStepId="vivado" ToStepId="vivado"/>
	<Run Id="design_1_prbs_axis_master_32_0_0_synth_1" LaunchDir="Z:/DAT096/signal generator/project_2/project_2.runs/design_1_prbs_axis_master_32_0_0_synth_1" FlowId="Vivado_Synthesis" FromStepId="vivado" ToStepId="vivado"/>
	<Run Id="design_1_util_vector_logic_0_0_synth_1" LaunchDir="Z:/DAT096/signal generator/project_2/project_2.runs/design_1_util_vector_logic_0_0_synth_1" FlowId="Vivado_Synthesis" FromStepId="vivado" ToStepId="vivado"/>
	<Parameters>
		<Parameter Name="runs.monitorLSFJobs" Val="true" Type="bool"/>
		<Parameter Name="runs.enableClusterConf" Val="true" Type="bool"/>
		<Parameter Name="general.shortenLongPath" Val="true" Type="bool"/>
	</Parameters>
	<ProductInfo Name="vivado"/>
</Runs>

