Sample in Buffer,Sample in Window,TRIGGER,design_2_i/adc_bit_decoder_0_t_ready,design_2_i/adc_bit_decoder_0_bit_out,design_2_i/xlslice_0_Dout[13:0]
Radix - UNSIGNED,UNSIGNED,UNSIGNED,HEX,HEX,UNSIGNED
0,0,0,1,1,48
1,1,0,1,0,48
2,2,0,1,0,48
3,3,0,1,0,48
4,4,0,1,0,40
5,5,0,1,0,40
6,6,0,1,0,40
7,7,0,1,0,40
8,8,0,1,0,16164
9,9,0,1,1,16164
10,10,0,1,1,16164
11,11,0,1,1,16164
12,12,0,1,1,16180
13,13,0,1,1,16180
14,14,0,1,1,16180
15,15,0,1,1,16180
16,16,0,1,1,16172
17,17,0,1,1,16172
18,18,0,1,1,16172
19,19,0,1,1,16172
20,20,0,1,1,16160
21,21,0,1,1,16160
22,22,0,1,1,16160
23,23,0,1,1,16160
24,24,0,1,1,16164
25,25,0,1,1,16164
26,26,0,1,1,16164
27,27,0,1,1,16164
28,28,0,1,1,40
29,29,0,1,0,40
30,30,0,1,0,40
31,31,0,1,0,40
32,32,0,1,0,44
33,33,0,1,0,44
34,34,0,1,0,44
35,35,0,1,0,44
36,36,0,1,0,48
37,37,0,1,0,48
38,38,0,1,0,48
39,39,0,1,0,48
40,40,0,1,0,40
41,41,0,1,0,40
42,42,0,1,0,40
43,43,0,1,0,40
44,44,0,1,0,44
45,45,0,1,0,44
46,46,0,1,0,44
47,47,0,1,0,44
48,48,0,1,0,48
49,49,0,1,0,48
50,50,0,1,0,48
51,51,0,1,0,48
52,52,0,1,0,52
53,53,0,1,0,52
54,54,0,1,0,52
55,55,0,1,0,52
56,56,0,1,0,32
57,57,0,1,0,32
58,58,0,1,0,32
59,59,0,1,0,32
60,60,0,1,0,16176
61,61,0,1,1,16176
62,62,0,1,1,16176
63,63,0,1,1,16176
64,64,0,1,1,16192
65,65,0,1,1,16192
66,66,0,1,1,16192
67,67,0,1,1,16192
68,68,0,1,1,44
69,69,0,1,0,44
70,70,0,1,0,44
71,71,0,1,0,44
72,72,0,1,0,52
73,73,0,1,0,52
74,74,0,1,0,52
75,75,0,1,0,52
76,76,0,1,0,48
77,77,0,1,0,48
78,78,0,1,0,48
79,79,0,1,0,48
80,80,0,1,0,40
81,81,0,1,0,40
82,82,0,1,0,40
83,83,0,1,0,40
84,84,0,1,0,28
85,85,0,1,0,28
86,86,0,1,0,28
87,87,0,1,0,28
88,88,0,1,0,16156
89,89,0,1,1,16156
90,90,0,1,1,16156
91,91,0,1,1,16156
92,92,0,1,1,16188
93,93,0,1,1,16188
94,94,0,1,1,16188
95,95,0,1,1,16188
96,96,0,1,1,16168
97,97,0,1,1,16168
98,98,0,1,1,16168
99,99,0,1,1,16168
100,100,0,1,1,16176
101,101,0,1,1,16176
102,102,0,1,1,16176
103,103,0,1,1,16176
104,104,0,1,1,16180
105,105,0,1,1,16180
106,106,0,1,1,16180
107,107,0,1,1,16180
108,108,0,1,1,64
109,109,0,1,0,64
110,110,0,1,0,64
111,111,0,1,0,64
112,112,0,1,0,44
113,113,0,1,0,44
114,114,0,1,0,44
115,115,0,1,0,44
116,116,0,1,0,32
117,117,0,1,0,32
118,118,0,1,0,32
119,119,0,1,0,32
120,120,0,1,0,48
121,121,0,1,0,48
122,122,0,1,0,48
123,123,0,1,0,48
124,124,0,1,0,40
125,125,0,1,0,40
126,126,0,1,0,40
127,127,0,1,0,40
128,128,0,1,0,16172
129,129,0,1,1,16172
130,130,0,1,1,16172
131,131,0,1,1,16172
132,132,0,1,1,16180
133,133,0,1,1,16180
134,134,0,1,1,16180
135,135,0,1,1,16180
136,136,0,1,1,16168
137,137,0,1,1,16168
138,138,0,1,1,16168
139,139,0,1,1,16168
140,140,0,1,1,16180
141,141,0,1,1,16180
142,142,0,1,1,16180
143,143,0,1,1,16180
144,144,0,1,1,16172
145,145,0,1,1,16172
146,146,0,1,1,16172
147,147,0,1,1,16172
148,148,0,1,1,68
149,149,0,1,0,68
150,150,0,1,0,68
151,151,0,1,0,68
152,152,0,1,0,28
153,153,0,1,0,28
154,154,0,1,0,28
155,155,0,1,0,28
156,156,0,1,0,40
157,157,0,1,0,40
158,158,0,1,0,40
159,159,0,1,0,40
160,160,0,1,0,16172
161,161,0,1,1,16172
162,162,0,1,1,16172
163,163,0,1,1,16172
164,164,0,1,1,16184
165,165,0,1,1,16184
166,166,0,1,1,16184
167,167,0,1,1,16184
168,168,0,1,1,16168
169,169,0,1,1,16168
170,170,0,1,1,16168
171,171,0,1,1,16168
172,172,0,1,1,16152
173,173,0,1,1,16152
174,174,0,1,1,16152
175,175,0,1,1,16152
176,176,0,1,1,16176
177,177,0,1,1,16176
178,178,0,1,1,16176
179,179,0,1,1,16176
180,180,0,1,1,16172
181,181,0,1,1,16172
182,182,0,1,1,16172
183,183,0,1,1,16172
184,184,0,1,1,16180
185,185,0,1,1,16180
186,186,0,1,1,16180
187,187,0,1,1,16180
188,188,0,1,1,16180
189,189,0,1,1,16180
190,190,0,1,1,16180
191,191,0,1,1,16180
192,192,0,1,1,16188
193,193,0,1,1,16188
194,194,0,1,1,16188
195,195,0,1,1,16188
196,196,0,1,1,16168
197,197,0,1,1,16168
198,198,0,1,1,16168
199,199,0,1,1,16168
200,200,0,1,1,16172
201,201,0,1,1,16172
202,202,0,1,1,16172
203,203,0,1,1,16172
204,204,0,1,1,16180
205,205,0,1,1,16180
206,206,0,1,1,16180
207,207,0,1,1,16180
208,208,0,1,1,16180
209,209,0,1,1,16180
210,210,0,1,1,16180
211,211,0,1,1,16180
212,212,0,1,1,16164
213,213,0,1,1,16164
214,214,0,1,1,16164
215,215,0,1,1,16164
216,216,0,1,1,16188
217,217,0,1,1,16188
218,218,0,1,1,16188
219,219,0,1,1,16188
220,220,0,1,1,36
221,221,0,1,0,36
222,222,0,1,0,36
223,223,0,1,0,36
224,224,0,1,0,60
225,225,0,1,0,60
226,226,0,1,0,60
227,227,0,1,0,60
228,228,0,1,0,44
229,229,0,1,0,44
230,230,0,1,0,44
231,231,0,1,0,44
232,232,0,1,0,40
233,233,0,1,0,40
234,234,0,1,0,40
235,235,0,1,0,40
236,236,0,1,0,44
237,237,0,1,0,44
238,238,0,1,0,44
239,239,0,1,0,44
240,240,0,1,0,36
241,241,0,1,0,36
242,242,0,1,0,36
243,243,0,1,0,36
244,244,0,1,0,40
245,245,0,1,0,40
246,246,0,1,0,40
247,247,0,1,0,40
248,248,0,1,0,44
249,249,0,1,0,44
250,250,0,1,0,44
251,251,0,1,0,44
252,252,0,1,0,48
253,253,0,1,0,48
254,254,0,1,0,48
255,255,0,1,0,48
256,256,0,1,0,44
257,257,0,1,0,44
258,258,0,1,0,44
259,259,0,1,0,44
260,260,0,1,0,16176
261,261,0,1,1,16176
262,262,0,1,1,16176
263,263,0,1,1,16176
264,264,0,1,1,16176
265,265,0,1,1,16176
266,266,0,1,1,16176
267,267,0,1,1,16176
268,268,0,1,1,16176
269,269,0,1,1,16176
270,270,0,1,1,16176
271,271,0,1,1,16176
272,272,0,1,1,16172
273,273,0,1,1,16172
274,274,0,1,1,16172
275,275,0,1,1,16172
276,276,0,1,1,16176
277,277,0,1,1,16176
278,278,0,1,1,16176
279,279,0,1,1,16176
280,280,0,1,1,40
281,281,0,1,0,40
282,282,0,1,0,40
283,283,0,1,0,40
284,284,0,1,0,36
285,285,0,1,0,36
286,286,0,1,0,36
287,287,0,1,0,36
288,288,0,1,0,28
289,289,0,1,0,28
290,290,0,1,0,28
291,291,0,1,0,28
292,292,0,1,0,32
293,293,0,1,0,32
294,294,0,1,0,32
295,295,0,1,0,32
296,296,0,1,0,56
297,297,0,1,0,56
298,298,0,1,0,56
299,299,0,1,0,56
300,300,0,1,0,40
301,301,0,1,0,40
302,302,0,1,0,40
303,303,0,1,0,40
304,304,0,1,0,36
305,305,0,1,0,36
306,306,0,1,0,36
307,307,0,1,0,36
308,308,0,1,0,40
309,309,0,1,0,40
310,310,0,1,0,40
311,311,0,1,0,40
312,312,0,1,0,48
313,313,0,1,0,48
314,314,0,1,0,48
315,315,0,1,0,48
316,316,0,1,0,36
317,317,0,1,0,36
318,318,0,1,0,36
319,319,0,1,0,36
320,320,0,1,0,44
321,321,0,1,0,44
322,322,0,1,0,44
323,323,0,1,0,44
324,324,0,1,0,56
325,325,0,1,0,56
326,326,0,1,0,56
327,327,0,1,0,56
328,328,0,1,0,36
329,329,0,1,0,36
330,330,0,1,0,36
331,331,0,1,0,36
332,332,0,1,0,32
333,333,0,1,0,32
334,334,0,1,0,32
335,335,0,1,0,32
336,336,0,1,0,48
337,337,0,1,0,48
338,338,0,1,0,48
339,339,0,1,0,48
340,340,0,1,0,16176
341,341,0,1,1,16176
342,342,0,1,1,16176
343,343,0,1,1,16176
344,344,0,1,1,16180
345,345,0,1,1,16180
346,346,0,1,1,16180
347,347,0,1,1,16180
348,348,0,1,1,60
349,349,0,1,0,60
350,350,0,1,0,60
351,351,0,1,0,60
352,352,0,1,0,44
353,353,0,1,0,44
354,354,0,1,0,44
355,355,0,1,0,44
356,356,0,1,0,36
357,357,0,1,0,36
358,358,0,1,0,36
359,359,0,1,0,36
360,360,0,1,0,28
361,361,0,1,0,28
362,362,0,1,0,28
363,363,0,1,0,28
364,364,0,1,0,48
365,365,0,1,0,48
366,366,0,1,0,48
367,367,0,1,0,48
368,368,0,1,0,16160
369,369,0,1,1,16160
370,370,0,1,1,16160
371,371,0,1,1,16160
372,372,0,1,1,16172
373,373,0,1,1,16172
374,374,0,1,1,16172
375,375,0,1,1,16172
376,376,0,1,1,16180
377,377,0,1,1,16180
378,378,0,1,1,16180
379,379,0,1,1,16180
380,380,0,1,1,52
381,381,0,1,0,52
382,382,0,1,0,52
383,383,0,1,0,52
384,384,0,1,0,40
385,385,0,1,0,40
386,386,0,1,0,40
387,387,0,1,0,40
388,388,0,1,0,44
389,389,0,1,0,44
390,390,0,1,0,44
391,391,0,1,0,44
392,392,0,1,0,56
393,393,0,1,0,56
394,394,0,1,0,56
395,395,0,1,0,56
396,396,0,1,0,36
397,397,0,1,0,36
398,398,0,1,0,36
399,399,0,1,0,36
400,400,0,1,0,16172
401,401,0,1,1,16172
402,402,0,1,1,16172
403,403,0,1,1,16172
404,404,0,1,1,16180
405,405,0,1,1,16180
406,406,0,1,1,16180
407,407,0,1,1,16180
408,408,0,1,1,52
409,409,0,1,0,52
410,410,0,1,0,52
411,411,0,1,0,52
412,412,0,1,0,40
413,413,0,1,0,40
414,414,0,1,0,40
415,415,0,1,0,40
416,416,0,1,0,52
417,417,0,1,0,52
418,418,0,1,0,52
419,419,0,1,0,52
420,420,0,1,0,48
421,421,0,1,0,48
422,422,0,1,0,48
423,423,0,1,0,48
424,424,0,1,0,36
425,425,0,1,0,36
426,426,0,1,0,36
427,427,0,1,0,36
428,428,0,1,0,16172
429,429,0,1,1,16172
430,430,0,1,1,16172
431,431,0,1,1,16172
432,432,0,1,1,16184
433,433,0,1,1,16184
434,434,0,1,1,16184
435,435,0,1,1,16184
436,436,0,1,1,16176
437,437,0,1,1,16176
438,438,0,1,1,16176
439,439,0,1,1,16176
440,440,0,1,1,16180
441,441,0,1,1,16180
442,442,0,1,1,16180
443,443,0,1,1,16180
444,444,0,1,1,16184
445,445,0,1,1,16184
446,446,0,1,1,16184
447,447,0,1,1,16184
448,448,0,1,1,56
449,449,0,1,0,56
450,450,0,1,0,56
451,451,0,1,0,56
452,452,0,1,0,32
453,453,0,1,0,32
454,454,0,1,0,32
455,455,0,1,0,32
456,456,0,1,0,36
457,457,0,1,0,36
458,458,0,1,0,36
459,459,0,1,0,36
460,460,0,1,0,16164
461,461,0,1,1,16164
462,462,0,1,1,16164
463,463,0,1,1,16164
464,464,0,1,1,16172
465,465,0,1,1,16172
466,466,0,1,1,16172
467,467,0,1,1,16172
468,468,0,1,1,40
469,469,0,1,0,40
470,470,0,1,0,40
471,471,0,1,0,40
472,472,0,1,0,48
473,473,0,1,0,48
474,474,0,1,0,48
475,475,0,1,0,48
476,476,0,1,0,56
477,477,0,1,0,56
478,478,0,1,0,56
479,479,0,1,0,56
480,480,0,1,0,16176
481,481,0,1,1,16176
482,482,0,1,1,16176
483,483,0,1,1,16176
484,484,0,1,1,16164
485,485,0,1,1,16164
486,486,0,1,1,16164
487,487,0,1,1,16164
488,488,0,1,1,56
489,489,0,1,0,56
490,490,0,1,0,56
491,491,0,1,0,56
492,492,0,1,0,40
493,493,0,1,0,40
494,494,0,1,0,40
495,495,0,1,0,40
496,496,0,1,0,28
497,497,0,1,0,28
498,498,0,1,0,28
499,499,0,1,0,28
500,500,0,1,0,16188
501,501,0,1,1,16188
502,502,0,1,1,16188
503,503,0,1,1,16188
504,504,0,1,1,16176
505,505,0,1,1,16176
506,506,0,1,1,16176
507,507,0,1,1,16176
508,508,0,1,1,48
509,509,0,1,0,48
510,510,0,1,0,48
511,511,0,1,0,48
512,512,0,1,0,28
513,513,0,1,0,28
514,514,0,1,0,28
515,515,0,1,0,28
516,516,0,1,0,44
517,517,0,1,0,44
518,518,0,1,0,44
519,519,0,1,0,44
520,520,0,1,0,16184
521,521,0,1,1,16184
522,522,0,1,1,16184
523,523,0,1,1,16184
524,524,0,1,1,16176
525,525,0,1,1,16176
526,526,0,1,1,16176
527,527,0,1,1,16176
528,528,0,1,1,44
529,529,0,1,0,44
530,530,0,1,0,44
531,531,0,1,0,44
532,532,0,1,0,40
533,533,0,1,0,40
534,534,0,1,0,40
535,535,0,1,0,40
536,536,0,1,0,36
537,537,0,1,0,36
538,538,0,1,0,36
539,539,0,1,0,36
540,540,0,1,0,16168
541,541,0,1,1,16168
542,542,0,1,1,16168
543,543,0,1,1,16168
544,544,0,1,1,16192
545,545,0,1,1,16192
546,546,0,1,1,16192
547,547,0,1,1,16192
548,548,0,1,1,64
549,549,0,1,0,64
550,550,0,1,0,64
551,551,0,1,0,64
552,552,0,1,0,36
553,553,0,1,0,36
554,554,0,1,0,36
555,555,0,1,0,36
556,556,0,1,0,32
557,557,0,1,0,32
558,558,0,1,0,32
559,559,0,1,0,32
560,560,0,1,0,36
561,561,0,1,0,36
562,562,0,1,0,36
563,563,0,1,0,36
564,564,0,1,0,40
565,565,0,1,0,40
566,566,0,1,0,40
567,567,0,1,0,40
568,568,0,1,0,16164
569,569,0,1,1,16164
570,570,0,1,1,16164
571,571,0,1,1,16164
572,572,0,1,1,16176
573,573,0,1,1,16176
574,574,0,1,1,16176
575,575,0,1,1,16176
576,576,0,1,1,16176
577,577,0,1,1,16176
578,578,0,1,1,16176
579,579,0,1,1,16176
580,580,0,1,1,16184
581,581,0,1,1,16184
582,582,0,1,1,16184
583,583,0,1,1,16184
584,584,0,1,1,16148
585,585,0,1,1,16148
586,586,0,1,1,16148
587,587,0,1,1,16148
588,588,0,1,1,16164
589,589,0,1,1,16164
590,590,0,1,1,16164
591,591,0,1,1,16164
592,592,0,1,1,16172
593,593,0,1,1,16172
594,594,0,1,1,16172
595,595,0,1,1,16172
596,596,0,1,1,16172
597,597,0,1,1,16172
598,598,0,1,1,16172
599,599,0,1,1,16172
600,600,0,1,1,36
601,601,0,1,0,36
602,602,0,1,0,36
603,603,0,1,0,36
604,604,0,1,0,48
605,605,0,1,0,48
606,606,0,1,0,48
607,607,0,1,0,48
608,608,0,1,0,16156
609,609,0,1,1,16156
610,610,0,1,1,16156
611,611,0,1,1,16156
612,612,0,1,1,16188
613,613,0,1,1,16188
614,614,0,1,1,16188
615,615,0,1,1,16188
616,616,0,1,1,16156
617,617,0,1,1,16156
618,618,0,1,1,16156
619,619,0,1,1,16156
620,620,0,1,1,16192
621,621,0,1,1,16192
622,622,0,1,1,16192
623,623,0,1,1,16192
624,624,0,1,1,16172
625,625,0,1,1,16172
626,626,0,1,1,16172
627,627,0,1,1,16172
628,628,0,1,1,16180
629,629,0,1,1,16180
630,630,0,1,1,16180
631,631,0,1,1,16180
632,632,0,1,1,16168
633,633,0,1,1,16168
634,634,0,1,1,16168
635,635,0,1,1,16168
636,636,0,1,1,16176
637,637,0,1,1,16176
638,638,0,1,1,16176
639,639,0,1,1,16176
640,640,0,1,1,36
641,641,0,1,0,36
642,642,0,1,0,36
643,643,0,1,0,36
644,644,0,1,0,40
645,645,0,1,0,40
646,646,0,1,0,40
647,647,0,1,0,40
648,648,0,1,0,16172
649,649,0,1,1,16172
650,650,0,1,1,16172
651,651,0,1,1,16172
652,652,0,1,1,16160
653,653,0,1,1,16160
654,654,0,1,1,16160
655,655,0,1,1,16160
656,656,0,1,1,16176
657,657,0,1,1,16176
658,658,0,1,1,16176
659,659,0,1,1,16176
660,660,0,1,1,16172
661,661,0,1,1,16172
662,662,0,1,1,16172
663,663,0,1,1,16172
664,664,0,1,1,16180
665,665,0,1,1,16180
666,666,0,1,1,16180
667,667,0,1,1,16180
668,668,0,1,1,16172
669,669,0,1,1,16172
670,670,0,1,1,16172
671,671,0,1,1,16172
672,672,0,1,1,16172
673,673,0,1,1,16172
674,674,0,1,1,16172
675,675,0,1,1,16172
676,676,0,1,1,16168
677,677,0,1,1,16168
678,678,0,1,1,16168
679,679,0,1,1,16168
680,680,0,1,1,16176
681,681,0,1,1,16176
682,682,0,1,1,16176
683,683,0,1,1,16176
684,684,0,1,1,16168
685,685,0,1,1,16168
686,686,0,1,1,16168
687,687,0,1,1,16168
688,688,0,1,1,16172
689,689,0,1,1,16172
690,690,0,1,1,16172
691,691,0,1,1,16172
692,692,0,1,1,16168
693,693,0,1,1,16168
694,694,0,1,1,16168
695,695,0,1,1,16168
696,696,0,1,1,16184
697,697,0,1,1,16184
698,698,0,1,1,16184
699,699,0,1,1,16184
700,700,0,1,1,40
701,701,0,1,0,40
702,702,0,1,0,40
703,703,0,1,0,40
704,704,0,1,0,44
705,705,0,1,0,44
706,706,0,1,0,44
707,707,0,1,0,44
708,708,0,1,0,16172
709,709,0,1,1,16172
710,710,0,1,1,16172
711,711,0,1,1,16172
712,712,0,1,1,16164
713,713,0,1,1,16164
714,714,0,1,1,16164
715,715,0,1,1,16164
716,716,0,1,1,16172
717,717,0,1,1,16172
718,718,0,1,1,16172
719,719,0,1,1,16172
720,720,0,1,1,16184
721,721,0,1,1,16184
722,722,0,1,1,16184
723,723,0,1,1,16184
724,724,0,1,1,16168
725,725,0,1,1,16168
726,726,0,1,1,16168
727,727,0,1,1,16168
728,728,0,1,1,48
729,729,0,1,0,48
730,730,0,1,0,48
731,731,0,1,0,48
732,732,0,1,0,48
733,733,0,1,0,48
734,734,0,1,0,48
735,735,0,1,0,48
736,736,0,1,0,44
737,737,0,1,0,44
738,738,0,1,0,44
739,739,0,1,0,44
740,740,0,1,0,36
741,741,0,1,0,36
742,742,0,1,0,36
743,743,0,1,0,36
744,744,0,1,0,44
745,745,0,1,0,44
746,746,0,1,0,44
747,747,0,1,0,44
748,748,0,1,0,52
749,749,0,1,0,52
750,750,0,1,0,52
751,751,0,1,0,52
752,752,0,1,0,48
753,753,0,1,0,48
754,754,0,1,0,48
755,755,0,1,0,48
756,756,0,1,0,32
757,757,0,1,0,32
758,758,0,1,0,32
759,759,0,1,0,32
760,760,0,1,0,16168
761,761,0,1,1,16168
762,762,0,1,1,16168
763,763,0,1,1,16168
764,764,0,1,1,16184
765,765,0,1,1,16184
766,766,0,1,1,16184
767,767,0,1,1,16184
768,768,0,1,1,16168
769,769,0,1,1,16168
770,770,0,1,1,16168
771,771,0,1,1,16168
772,772,0,1,1,16184
773,773,0,1,1,16184
774,774,0,1,1,16184
775,775,0,1,1,16184
776,776,0,1,1,16172
777,777,0,1,1,16172
778,778,0,1,1,16172
779,779,0,1,1,16172
780,780,0,1,1,52
781,781,0,1,0,52
782,782,0,1,0,52
783,783,0,1,0,52
784,784,0,1,0,44
785,785,0,1,0,44
786,786,0,1,0,44
787,787,0,1,0,44
788,788,0,1,0,16168
789,789,0,1,1,16168
790,790,0,1,1,16168
791,791,0,1,1,16168
792,792,0,1,1,16164
793,793,0,1,1,16164
794,794,0,1,1,16164
795,795,0,1,1,16164
796,796,0,1,1,16168
797,797,0,1,1,16168
798,798,0,1,1,16168
799,799,0,1,1,16168
800,800,0,1,1,36
801,801,0,1,0,36
802,802,0,1,0,36
803,803,0,1,0,36
804,804,0,1,0,32
805,805,0,1,0,32
806,806,0,1,0,32
807,807,0,1,0,32
808,808,0,1,0,16172
809,809,0,1,1,16172
810,810,0,1,1,16172
811,811,0,1,1,16172
812,812,0,1,1,16172
813,813,0,1,1,16172
814,814,0,1,1,16172
815,815,0,1,1,16172
816,816,0,1,1,16172
817,817,0,1,1,16172
818,818,0,1,1,16172
819,819,0,1,1,16172
820,820,0,1,1,16184
821,821,0,1,1,16184
822,822,0,1,1,16184
823,823,0,1,1,16184
824,824,0,1,1,16180
825,825,0,1,1,16180
826,826,0,1,1,16180
827,827,0,1,1,16180
828,828,0,1,1,48
829,829,0,1,0,48
830,830,0,1,0,48
831,831,0,1,0,48
832,832,0,1,0,28
833,833,0,1,0,28
834,834,0,1,0,28
835,835,0,1,0,28
836,836,0,1,0,32
837,837,0,1,0,32
838,838,0,1,0,32
839,839,0,1,0,32
840,840,0,1,0,40
841,841,0,1,0,40
842,842,0,1,0,40
843,843,0,1,0,40
844,844,0,1,0,48
845,845,0,1,0,48
846,846,0,1,0,48
847,847,0,1,0,48
848,848,0,1,0,16152
849,849,0,1,1,16152
850,850,0,1,1,16152
851,851,0,1,1,16152
852,852,0,1,1,16168
853,853,0,1,1,16168
854,854,0,1,1,16168
855,855,0,1,1,16168
856,856,0,1,1,16164
857,857,0,1,1,16164
858,858,0,1,1,16164
859,859,0,1,1,16164
860,860,0,1,1,44
861,861,0,1,0,44
862,862,0,1,0,44
863,863,0,1,0,44
864,864,0,1,0,44
865,865,0,1,0,44
866,866,0,1,0,44
867,867,0,1,0,44
868,868,0,1,0,36
869,869,0,1,0,36
870,870,0,1,0,36
871,871,0,1,0,36
872,872,0,1,0,48
873,873,0,1,0,48
874,874,0,1,0,48
875,875,0,1,0,48
876,876,0,1,0,36
877,877,0,1,0,36
878,878,0,1,0,36
879,879,0,1,0,36
880,880,0,1,0,36
881,881,0,1,0,36
882,882,0,1,0,36
883,883,0,1,0,36
884,884,0,1,0,40
885,885,0,1,0,40
886,886,0,1,0,40
887,887,0,1,0,40
888,888,0,1,0,16156
889,889,0,1,1,16156
890,890,0,1,1,16156
891,891,0,1,1,16156
892,892,0,1,1,16176
893,893,0,1,1,16176
894,894,0,1,1,16176
895,895,0,1,1,16176
896,896,0,1,1,16184
897,897,0,1,1,16184
898,898,0,1,1,16184
899,899,0,1,1,16184
900,900,0,1,1,16164
901,901,0,1,1,16164
902,902,0,1,1,16164
903,903,0,1,1,16164
904,904,0,1,1,16188
905,905,0,1,1,16188
906,906,0,1,1,16188
907,907,0,1,1,16188
908,908,0,1,1,56
909,909,0,1,0,56
910,910,0,1,0,56
911,911,0,1,0,56
912,912,0,1,0,44
913,913,0,1,0,44
914,914,0,1,0,44
915,915,0,1,0,44
916,916,0,1,0,44
917,917,0,1,0,44
918,918,0,1,0,44
919,919,0,1,0,44
920,920,0,1,0,16160
921,921,0,1,1,16160
922,922,0,1,1,16160
923,923,0,1,1,16160
924,924,0,1,1,16180
925,925,0,1,1,16180
926,926,0,1,1,16180
927,927,0,1,1,16180
928,928,0,1,1,16160
929,929,0,1,1,16160
930,930,0,1,1,16160
931,931,0,1,1,16160
932,932,0,1,1,16172
933,933,0,1,1,16172
934,934,0,1,1,16172
935,935,0,1,1,16172
936,936,0,1,1,16168
937,937,0,1,1,16168
938,938,0,1,1,16168
939,939,0,1,1,16168
940,940,0,1,1,36
941,941,0,1,0,36
942,942,0,1,0,36
943,943,0,1,0,36
944,944,0,1,0,60
945,945,0,1,0,60
946,946,0,1,0,60
947,947,0,1,0,60
948,948,0,1,0,36
949,949,0,1,0,36
950,950,0,1,0,36
951,951,0,1,0,36
952,952,0,1,0,36
953,953,0,1,0,36
954,954,0,1,0,36
955,955,0,1,0,36
956,956,0,1,0,52
957,957,0,1,0,52
958,958,0,1,0,52
959,959,0,1,0,52
960,960,0,1,0,28
961,961,0,1,0,28
962,962,0,1,0,28
963,963,0,1,0,28
964,964,0,1,0,44
965,965,0,1,0,44
966,966,0,1,0,44
967,967,0,1,0,44
968,968,0,1,0,44
969,969,0,1,0,44
970,970,0,1,0,44
971,971,0,1,0,44
972,972,0,1,0,36
973,973,0,1,0,36
974,974,0,1,0,36
975,975,0,1,0,36
976,976,0,1,0,40
977,977,0,1,0,40
978,978,0,1,0,40
979,979,0,1,0,40
980,980,0,1,0,44
981,981,0,1,0,44
982,982,0,1,0,44
983,983,0,1,0,44
984,984,0,1,0,36
985,985,0,1,0,36
986,986,0,1,0,36
987,987,0,1,0,36
988,988,0,1,0,48
989,989,0,1,0,48
990,990,0,1,0,48
991,991,0,1,0,48
992,992,0,1,0,32
993,993,0,1,0,32
994,994,0,1,0,32
995,995,0,1,0,32
996,996,0,1,0,36
997,997,0,1,0,36
998,998,0,1,0,36
999,999,0,1,0,36
1000,1000,0,1,0,16172
1001,1001,0,1,1,16172
1002,1002,0,1,1,16172
1003,1003,0,1,1,16172
1004,1004,0,1,1,16172
1005,1005,0,1,1,16172
1006,1006,0,1,1,16172
1007,1007,0,1,1,16172
1008,1008,0,1,1,52
1009,1009,0,1,0,52
1010,1010,0,1,0,52
1011,1011,0,1,0,52
1012,1012,0,1,0,40
1013,1013,0,1,0,40
1014,1014,0,1,0,40
1015,1015,0,1,0,40
1016,1016,0,1,0,60
1017,1017,0,1,0,60
1018,1018,0,1,0,60
1019,1019,0,1,0,60
1020,1020,0,1,0,40
1021,1021,0,1,0,40
1022,1022,0,1,0,40
1023,1023,0,1,0,40
1024,1024,0,1,0,52
1025,1025,0,1,0,52
1026,1026,0,1,0,52
1027,1027,0,1,0,52
1028,1028,0,1,0,16164
1029,1029,0,1,1,16164
1030,1030,0,1,1,16164
1031,1031,0,1,1,16164
1032,1032,0,1,1,16172
1033,1033,0,1,1,16172
1034,1034,0,1,1,16172
1035,1035,0,1,1,16172
1036,1036,0,1,1,16192
1037,1037,0,1,1,16192
1038,1038,0,1,1,16192
1039,1039,0,1,1,16192
1040,1040,0,1,1,16172
1041,1041,0,1,1,16172
1042,1042,0,1,1,16172
1043,1043,0,1,1,16172
1044,1044,0,1,1,16176
1045,1045,0,1,1,16176
1046,1046,0,1,1,16176
1047,1047,0,1,1,16176
1048,1048,0,1,1,56
1049,1049,0,1,0,56
1050,1050,0,1,0,56
1051,1051,0,1,0,56
1052,1052,0,1,0,44
1053,1053,0,1,0,44
1054,1054,0,1,0,44
1055,1055,0,1,0,44
1056,1056,0,1,0,44
1057,1057,0,1,0,44
1058,1058,0,1,0,44
1059,1059,0,1,0,44
1060,1060,0,1,0,28
1061,1061,0,1,0,28
1062,1062,0,1,0,28
1063,1063,0,1,0,28
1064,1064,0,1,0,48
1065,1065,0,1,0,48
1066,1066,0,1,0,48
1067,1067,0,1,0,48
1068,1068,0,1,0,48
1069,1069,0,1,0,48
1070,1070,0,1,0,48
1071,1071,0,1,0,48
1072,1072,0,1,0,44
1073,1073,0,1,0,44
1074,1074,0,1,0,44
1075,1075,0,1,0,44
1076,1076,0,1,0,48
1077,1077,0,1,0,48
1078,1078,0,1,0,48
1079,1079,0,1,0,48
1080,1080,0,1,0,16156
1081,1081,0,1,1,16156
1082,1082,0,1,1,16156
1083,1083,0,1,1,16156
1084,1084,0,1,1,16168
1085,1085,0,1,1,16168
1086,1086,0,1,1,16168
1087,1087,0,1,1,16168
1088,1088,0,1,1,16164
1089,1089,0,1,1,16164
1090,1090,0,1,1,16164
1091,1091,0,1,1,16164
1092,1092,0,1,1,16176
1093,1093,0,1,1,16176
1094,1094,0,1,1,16176
1095,1095,0,1,1,16176
1096,1096,0,1,1,16176
1097,1097,0,1,1,16176
1098,1098,0,1,1,16176
1099,1099,0,1,1,16176
1100,1100,0,1,1,32
1101,1101,0,1,0,32
1102,1102,0,1,0,32
1103,1103,0,1,0,32
1104,1104,0,1,0,52
1105,1105,0,1,0,52
1106,1106,0,1,0,52
1107,1107,0,1,0,52
1108,1108,0,1,0,40
1109,1109,0,1,0,40
1110,1110,0,1,0,40
1111,1111,0,1,0,40
1112,1112,0,1,0,56
1113,1113,0,1,0,56
1114,1114,0,1,0,56
1115,1115,0,1,0,56
1116,1116,0,1,0,44
1117,1117,0,1,0,44
1118,1118,0,1,0,44
1119,1119,0,1,0,44
1120,1120,0,1,0,52
1121,1121,0,1,0,52
1122,1122,0,1,0,52
1123,1123,0,1,0,52
1124,1124,0,1,0,32
1125,1125,0,1,0,32
1126,1126,0,1,0,32
1127,1127,0,1,0,32
1128,1128,0,1,0,36
1129,1129,0,1,0,36
1130,1130,0,1,0,36
1131,1131,0,1,0,36
1132,1132,0,1,0,32
1133,1133,0,1,0,32
1134,1134,0,1,0,32
1135,1135,0,1,0,32
1136,1136,0,1,0,48
1137,1137,0,1,0,48
1138,1138,0,1,0,48
1139,1139,0,1,0,48
1140,1140,0,1,0,40
1141,1141,0,1,0,40
1142,1142,0,1,0,40
1143,1143,0,1,0,40
1144,1144,0,1,0,36
1145,1145,0,1,0,36
1146,1146,0,1,0,36
1147,1147,0,1,0,36
1148,1148,0,1,0,48
1149,1149,0,1,0,48
1150,1150,0,1,0,48
1151,1151,0,1,0,48
1152,1152,0,1,0,36
1153,1153,0,1,0,36
1154,1154,0,1,0,36
1155,1155,0,1,0,36
1156,1156,0,1,0,40
1157,1157,0,1,0,40
1158,1158,0,1,0,40
1159,1159,0,1,0,40
1160,1160,0,1,0,16168
1161,1161,0,1,1,16168
1162,1162,0,1,1,16168
1163,1163,0,1,1,16168
1164,1164,0,1,1,16180
1165,1165,0,1,1,16180
1166,1166,0,1,1,16180
1167,1167,0,1,1,16180
1168,1168,0,1,1,16172
1169,1169,0,1,1,16172
1170,1170,0,1,1,16172
1171,1171,0,1,1,16172
1172,1172,0,1,1,16184
1173,1173,0,1,1,16184
1174,1174,0,1,1,16184
1175,1175,0,1,1,16184
1176,1176,0,1,1,16188
1177,1177,0,1,1,16188
1178,1178,0,1,1,16188
1179,1179,0,1,1,16188
1180,1180,0,1,1,16172
1181,1181,0,1,1,16172
1182,1182,0,1,1,16172
1183,1183,0,1,1,16172
1184,1184,0,1,1,16172
1185,1185,0,1,1,16172
1186,1186,0,1,1,16172
1187,1187,0,1,1,16172
1188,1188,0,1,1,52
1189,1189,0,1,0,52
1190,1190,0,1,0,52
1191,1191,0,1,0,52
1192,1192,0,1,0,48
1193,1193,0,1,0,48
1194,1194,0,1,0,48
1195,1195,0,1,0,48
1196,1196,0,1,0,40
1197,1197,0,1,0,40
1198,1198,0,1,0,40
1199,1199,0,1,0,40
1200,1200,0,1,0,16180
1201,1201,0,1,1,16180
1202,1202,0,1,1,16180
1203,1203,0,1,1,16180
1204,1204,0,1,1,16168
1205,1205,0,1,1,16168
1206,1206,0,1,1,16168
1207,1207,0,1,1,16168
1208,1208,0,1,1,16176
1209,1209,0,1,1,16176
1210,1210,0,1,1,16176
1211,1211,0,1,1,16176
1212,1212,0,1,1,16180
1213,1213,0,1,1,16180
1214,1214,0,1,1,16180
1215,1215,0,1,1,16180
1216,1216,0,1,1,16172
1217,1217,0,1,1,16172
1218,1218,0,1,1,16172
1219,1219,0,1,1,16172
1220,1220,0,1,1,44
1221,1221,0,1,0,44
1222,1222,0,1,0,44
1223,1223,0,1,0,44
1224,1224,0,1,0,28
1225,1225,0,1,0,28
1226,1226,0,1,0,28
1227,1227,0,1,0,28
1228,1228,0,1,0,16164
1229,1229,0,1,1,16164
1230,1230,0,1,1,16164
1231,1231,0,1,1,16164
1232,1232,0,1,1,16176
1233,1233,0,1,1,16176
1234,1234,0,1,1,16176
1235,1235,0,1,1,16176
1236,1236,0,1,1,16164
1237,1237,0,1,1,16164
1238,1238,0,1,1,16164
1239,1239,0,1,1,16164
1240,1240,0,1,1,16164
1241,1241,0,1,1,16164
1242,1242,0,1,1,16164
1243,1243,0,1,1,16164
1244,1244,0,1,1,16180
1245,1245,0,1,1,16180
1246,1246,0,1,1,16180
1247,1247,0,1,1,16180
1248,1248,0,1,1,56
1249,1249,0,1,0,56
1250,1250,0,1,0,56
1251,1251,0,1,0,56
1252,1252,0,1,0,48
1253,1253,0,1,0,48
1254,1254,0,1,0,48
1255,1255,0,1,0,48
1256,1256,0,1,0,56
1257,1257,0,1,0,56
1258,1258,0,1,0,56
1259,1259,0,1,0,56
1260,1260,0,1,0,36
1261,1261,0,1,0,36
1262,1262,0,1,0,36
1263,1263,0,1,0,36
1264,1264,0,1,0,44
1265,1265,0,1,0,44
1266,1266,0,1,0,44
1267,1267,0,1,0,44
1268,1268,0,1,0,16164
1269,1269,0,1,1,16164
1270,1270,0,1,1,16164
1271,1271,0,1,1,16164
1272,1272,0,1,1,16172
1273,1273,0,1,1,16172
1274,1274,0,1,1,16172
1275,1275,0,1,1,16172
1276,1276,0,1,1,16172
1277,1277,0,1,1,16172
1278,1278,0,1,1,16172
1279,1279,0,1,1,16172
1280,1280,0,1,1,36
1281,1281,0,1,0,36
1282,1282,0,1,0,36
1283,1283,0,1,0,36
1284,1284,0,1,0,24
1285,1285,0,1,0,24
1286,1286,0,1,0,24
1287,1287,0,1,0,24
1288,1288,0,1,0,48
1289,1289,0,1,0,48
1290,1290,0,1,0,48
1291,1291,0,1,0,48
1292,1292,0,1,0,44
1293,1293,0,1,0,44
1294,1294,0,1,0,44
1295,1295,0,1,0,44
1296,1296,0,1,0,36
1297,1297,0,1,0,36
1298,1298,0,1,0,36
1299,1299,0,1,0,36
1300,1300,0,1,0,52
1301,1301,0,1,0,52
1302,1302,0,1,0,52
1303,1303,0,1,0,52
1304,1304,0,1,0,52
1305,1305,0,1,0,52
1306,1306,0,1,0,52
1307,1307,0,1,0,52
1308,1308,0,1,0,16168
1309,1309,0,1,1,16168
1310,1310,0,1,1,16168
1311,1311,0,1,1,16168
1312,1312,0,1,1,16172
1313,1313,0,1,1,16172
1314,1314,0,1,1,16172
1315,1315,0,1,1,16172
1316,1316,0,1,1,16168
1317,1317,0,1,1,16168
1318,1318,0,1,1,16168
1319,1319,0,1,1,16168
1320,1320,0,1,1,16180
1321,1321,0,1,1,16180
1322,1322,0,1,1,16180
1323,1323,0,1,1,16180
1324,1324,0,1,1,16172
1325,1325,0,1,1,16172
1326,1326,0,1,1,16172
1327,1327,0,1,1,16172
1328,1328,0,1,1,52
1329,1329,0,1,0,52
1330,1330,0,1,0,52
1331,1331,0,1,0,52
1332,1332,0,1,0,36
1333,1333,0,1,0,36
1334,1334,0,1,0,36
1335,1335,0,1,0,36
1336,1336,0,1,0,36
1337,1337,0,1,0,36
1338,1338,0,1,0,36
1339,1339,0,1,0,36
1340,1340,0,1,0,40
1341,1341,0,1,0,40
1342,1342,0,1,0,40
1343,1343,0,1,0,40
1344,1344,0,1,0,40
1345,1345,0,1,0,40
1346,1346,0,1,0,40
1347,1347,0,1,0,40
1348,1348,0,1,0,16160
1349,1349,0,1,1,16160
1350,1350,0,1,1,16160
1351,1351,0,1,1,16160
1352,1352,0,1,1,16176
1353,1353,0,1,1,16176
1354,1354,0,1,1,16176
1355,1355,0,1,1,16176
1356,1356,0,1,1,16168
1357,1357,0,1,1,16168
1358,1358,0,1,1,16168
1359,1359,0,1,1,16168
1360,1360,0,1,1,16180
1361,1361,0,1,1,16180
1362,1362,0,1,1,16180
1363,1363,0,1,1,16180
1364,1364,0,1,1,16184
1365,1365,0,1,1,16184
1366,1366,0,1,1,16184
1367,1367,0,1,1,16184
1368,1368,0,1,1,52
1369,1369,0,1,0,52
1370,1370,0,1,0,52
1371,1371,0,1,0,52
1372,1372,0,1,0,44
1373,1373,0,1,0,44
1374,1374,0,1,0,44
1375,1375,0,1,0,44
1376,1376,0,1,0,36
1377,1377,0,1,0,36
1378,1378,0,1,0,36
1379,1379,0,1,0,36
1380,1380,0,1,0,16168
1381,1381,0,1,1,16168
1382,1382,0,1,1,16168
1383,1383,0,1,1,16168
1384,1384,0,1,1,16180
1385,1385,0,1,1,16180
1386,1386,0,1,1,16180
1387,1387,0,1,1,16180
1388,1388,0,1,1,68
1389,1389,0,1,0,68
1390,1390,0,1,0,68
1391,1391,0,1,0,68
1392,1392,0,1,0,48
1393,1393,0,1,0,48
1394,1394,0,1,0,48
1395,1395,0,1,0,48
1396,1396,0,1,0,40
1397,1397,0,1,0,40
1398,1398,0,1,0,40
1399,1399,0,1,0,40
1400,1400,0,1,0,16184
1401,1401,0,1,1,16184
1402,1402,0,1,1,16184
1403,1403,0,1,1,16184
1404,1404,0,1,1,16184
1405,1405,0,1,1,16184
1406,1406,0,1,1,16184
1407,1407,0,1,1,16184
1408,1408,0,1,1,48
1409,1409,0,1,0,48
1410,1410,0,1,0,48
1411,1411,0,1,0,48
1412,1412,0,1,0,32
1413,1413,0,1,0,32
1414,1414,0,1,0,32
1415,1415,0,1,0,32
1416,1416,0,1,0,36
1417,1417,0,1,0,36
1418,1418,0,1,0,36
1419,1419,0,1,0,36
1420,1420,0,1,0,40
1421,1421,0,1,0,40
1422,1422,0,1,0,40
1423,1423,0,1,0,40
1424,1424,0,1,0,36
1425,1425,0,1,0,36
1426,1426,0,1,0,36
1427,1427,0,1,0,36
1428,1428,0,1,0,36
1429,1429,0,1,0,36
1430,1430,0,1,0,36
1431,1431,0,1,0,36
1432,1432,0,1,0,52
1433,1433,0,1,0,52
1434,1434,0,1,0,52
1435,1435,0,1,0,52
1436,1436,0,1,0,52
1437,1437,0,1,0,52
1438,1438,0,1,0,52
1439,1439,0,1,0,52
1440,1440,0,1,0,16172
1441,1441,0,1,1,16172
1442,1442,0,1,1,16172
1443,1443,0,1,1,16172
1444,1444,0,1,1,16188
1445,1445,0,1,1,16188
1446,1446,0,1,1,16188
1447,1447,0,1,1,16188
1448,1448,0,1,1,16168
1449,1449,0,1,1,16168
1450,1450,0,1,1,16168
1451,1451,0,1,1,16168
1452,1452,0,1,1,16152
1453,1453,0,1,1,16152
1454,1454,0,1,1,16152
1455,1455,0,1,1,16152
1456,1456,0,1,1,16160
1457,1457,0,1,1,16160
1458,1458,0,1,1,16160
1459,1459,0,1,1,16160
1460,1460,0,1,1,16176
1461,1461,0,1,1,16176
1462,1462,0,1,1,16176
1463,1463,0,1,1,16176
1464,1464,0,1,1,16168
1465,1465,0,1,1,16168
1466,1466,0,1,1,16168
1467,1467,0,1,1,16168
1468,1468,0,1,1,16172
1469,1469,0,1,1,16172
1470,1470,0,1,1,16172
1471,1471,0,1,1,16172
1472,1472,0,1,1,16176
1473,1473,0,1,1,16176
1474,1474,0,1,1,16176
1475,1475,0,1,1,16176
1476,1476,0,1,1,16172
1477,1477,0,1,1,16172
1478,1478,0,1,1,16172
1479,1479,0,1,1,16172
1480,1480,0,1,1,48
1481,1481,0,1,0,48
1482,1482,0,1,0,48
1483,1483,0,1,0,48
1484,1484,0,1,0,36
1485,1485,0,1,0,36
1486,1486,0,1,0,36
1487,1487,0,1,0,36
1488,1488,0,1,0,40
1489,1489,0,1,0,40
1490,1490,0,1,0,40
1491,1491,0,1,0,40
1492,1492,0,1,0,40
1493,1493,0,1,0,40
1494,1494,0,1,0,40
1495,1495,0,1,0,40
1496,1496,0,1,0,40
1497,1497,0,1,0,40
1498,1498,0,1,0,40
1499,1499,0,1,0,40
1500,1500,0,1,0,16176
1501,1501,0,1,1,16176
1502,1502,0,1,1,16176
1503,1503,0,1,1,16176
1504,1504,0,1,1,16172
1505,1505,0,1,1,16172
1506,1506,0,1,1,16172
1507,1507,0,1,1,16172
1508,1508,0,1,1,60
1509,1509,0,1,0,60
1510,1510,0,1,0,60
1511,1511,0,1,0,60
1512,1512,0,1,0,40
1513,1513,0,1,0,40
1514,1514,0,1,0,40
1515,1515,0,1,0,40
1516,1516,0,1,0,36
1517,1517,0,1,0,36
1518,1518,0,1,0,36
1519,1519,0,1,0,36
1520,1520,0,1,0,44
1521,1521,0,1,0,44
1522,1522,0,1,0,44
1523,1523,0,1,0,44
1524,1524,0,1,0,44
1525,1525,0,1,0,44
1526,1526,0,1,0,44
1527,1527,0,1,0,44
1528,1528,0,1,0,48
1529,1529,0,1,0,48
1530,1530,0,1,0,48
1531,1531,0,1,0,48
1532,1532,0,1,0,44
1533,1533,0,1,0,44
1534,1534,0,1,0,44
1535,1535,0,1,0,44
1536,1536,0,1,0,32
1537,1537,0,1,0,32
1538,1538,0,1,0,32
1539,1539,0,1,0,32
1540,1540,0,1,0,56
1541,1541,0,1,0,56
1542,1542,0,1,0,56
1543,1543,0,1,0,56
1544,1544,0,1,0,48
1545,1545,0,1,0,48
1546,1546,0,1,0,48
1547,1547,0,1,0,48
1548,1548,0,1,0,16168
1549,1549,0,1,1,16168
1550,1550,0,1,1,16168
1551,1551,0,1,1,16168
1552,1552,0,1,1,16180
1553,1553,0,1,1,16180
1554,1554,0,1,1,16180
1555,1555,0,1,1,16180
1556,1556,0,1,1,16192
1557,1557,0,1,1,16192
1558,1558,0,1,1,16192
1559,1559,0,1,1,16192
1560,1560,0,1,1,48
1561,1561,0,1,0,48
1562,1562,0,1,0,48
1563,1563,0,1,0,48
1564,1564,0,1,0,52
1565,1565,0,1,0,52
1566,1566,0,1,0,52
1567,1567,0,1,0,52
1568,1568,0,1,0,36
1569,1569,0,1,0,36
1570,1570,0,1,0,36
1571,1571,0,1,0,36
1572,1572,0,1,0,44
1573,1573,0,1,0,44
1574,1574,0,1,0,44
1575,1575,0,1,0,44
1576,1576,0,1,0,28
1577,1577,0,1,0,28
1578,1578,0,1,0,28
1579,1579,0,1,0,28
1580,1580,0,1,0,48
1581,1581,0,1,0,48
1582,1582,0,1,0,48
1583,1583,0,1,0,48
1584,1584,0,1,0,40
1585,1585,0,1,0,40
1586,1586,0,1,0,40
1587,1587,0,1,0,40
1588,1588,0,1,0,36
1589,1589,0,1,0,36
1590,1590,0,1,0,36
1591,1591,0,1,0,36
1592,1592,0,1,0,48
1593,1593,0,1,0,48
1594,1594,0,1,0,48
1595,1595,0,1,0,48
1596,1596,0,1,0,48
1597,1597,0,1,0,48
1598,1598,0,1,0,48
1599,1599,0,1,0,48
1600,1600,0,1,0,16168
1601,1601,0,1,1,16168
1602,1602,0,1,1,16168
1603,1603,0,1,1,16168
1604,1604,0,1,1,16168
1605,1605,0,1,1,16168
1606,1606,0,1,1,16168
1607,1607,0,1,1,16168
1608,1608,0,1,1,64
1609,1609,0,1,0,64
1610,1610,0,1,0,64
1611,1611,0,1,0,64
1612,1612,0,1,0,52
1613,1613,0,1,0,52
1614,1614,0,1,0,52
1615,1615,0,1,0,52
1616,1616,0,1,0,40
1617,1617,0,1,0,40
1618,1618,0,1,0,40
1619,1619,0,1,0,40
1620,1620,0,1,0,16176
1621,1621,0,1,1,16176
1622,1622,0,1,1,16176
1623,1623,0,1,1,16176
1624,1624,0,1,1,16168
1625,1625,0,1,1,16168
1626,1626,0,1,1,16168
1627,1627,0,1,1,16168
1628,1628,0,1,1,40
1629,1629,0,1,0,40
1630,1630,0,1,0,40
1631,1631,0,1,0,40
1632,1632,0,1,0,56
1633,1633,0,1,0,56
1634,1634,0,1,0,56
1635,1635,0,1,0,56
1636,1636,0,1,0,52
1637,1637,0,1,0,52
1638,1638,0,1,0,52
1639,1639,0,1,0,52
1640,1640,0,1,0,16176
1641,1641,0,1,1,16176
1642,1642,0,1,1,16176
1643,1643,0,1,1,16176
1644,1644,0,1,1,16176
1645,1645,0,1,1,16176
1646,1646,0,1,1,16176
1647,1647,0,1,1,16176
1648,1648,0,1,1,16164
1649,1649,0,1,1,16164
1650,1650,0,1,1,16164
1651,1651,0,1,1,16164
1652,1652,0,1,1,16176
1653,1653,0,1,1,16176
1654,1654,0,1,1,16176
1655,1655,0,1,1,16176
1656,1656,0,1,1,16172
1657,1657,0,1,1,16172
1658,1658,0,1,1,16172
1659,1659,0,1,1,16172
1660,1660,0,1,1,36
1661,1661,0,1,0,36
1662,1662,0,1,0,36
1663,1663,0,1,0,36
1664,1664,0,1,0,36
1665,1665,0,1,0,36
1666,1666,0,1,0,36
1667,1667,0,1,0,36
1668,1668,0,1,0,16152
1669,1669,0,1,1,16152
1670,1670,0,1,1,16152
1671,1671,0,1,1,16152
1672,1672,0,1,1,16160
1673,1673,0,1,1,16160
1674,1674,0,1,1,16160
1675,1675,0,1,1,16160
1676,1676,0,1,1,16168
1677,1677,0,1,1,16168
1678,1678,0,1,1,16168
1679,1679,0,1,1,16168
1680,1680,0,1,1,48
1681,1681,0,1,0,48
1682,1682,0,1,0,48
1683,1683,0,1,0,48
1684,1684,0,1,0,44
1685,1685,0,1,0,44
1686,1686,0,1,0,44
1687,1687,0,1,0,44
1688,1688,0,1,0,16152
1689,1689,0,1,1,16152
1690,1690,0,1,1,16152
1691,1691,0,1,1,16152
1692,1692,0,1,1,16180
1693,1693,0,1,1,16180
1694,1694,0,1,1,16180
1695,1695,0,1,1,16180
1696,1696,0,1,1,16176
1697,1697,0,1,1,16176
1698,1698,0,1,1,16176
1699,1699,0,1,1,16176
1700,1700,0,1,1,16172
1701,1701,0,1,1,16172
1702,1702,0,1,1,16172
1703,1703,0,1,1,16172
1704,1704,0,1,1,16176
1705,1705,0,1,1,16176
1706,1706,0,1,1,16176
1707,1707,0,1,1,16176
1708,1708,0,1,1,64
1709,1709,0,1,0,64
1710,1710,0,1,0,64
1711,1711,0,1,0,64
1712,1712,0,1,0,48
1713,1713,0,1,0,48
1714,1714,0,1,0,48
1715,1715,0,1,0,48
1716,1716,0,1,0,40
1717,1717,0,1,0,40
1718,1718,0,1,0,40
1719,1719,0,1,0,40
1720,1720,0,1,0,16160
1721,1721,0,1,1,16160
1722,1722,0,1,1,16160
1723,1723,0,1,1,16160
1724,1724,0,1,1,16176
1725,1725,0,1,1,16176
1726,1726,0,1,1,16176
1727,1727,0,1,1,16176
1728,1728,0,1,1,48
1729,1729,0,1,0,48
1730,1730,0,1,0,48
1731,1731,0,1,0,48
1732,1732,0,1,0,48
1733,1733,0,1,0,48
1734,1734,0,1,0,48
1735,1735,0,1,0,48
1736,1736,0,1,0,28
1737,1737,0,1,0,28
1738,1738,0,1,0,28
1739,1739,0,1,0,28
1740,1740,0,1,0,44
1741,1741,0,1,0,44
1742,1742,0,1,0,44
1743,1743,0,1,0,44
1744,1744,0,1,0,36
1745,1745,0,1,0,36
1746,1746,0,1,0,36
1747,1747,0,1,0,36
1748,1748,0,1,0,36
1749,1749,0,1,0,36
1750,1750,0,1,0,36
1751,1751,0,1,0,36
1752,1752,0,1,0,56
1753,1753,0,1,0,56
1754,1754,0,1,0,56
1755,1755,0,1,0,56
1756,1756,0,1,0,44
1757,1757,0,1,0,44
1758,1758,0,1,0,44
1759,1759,0,1,0,44
1760,1760,0,1,0,16168
1761,1761,0,1,1,16168
1762,1762,0,1,1,16168
1763,1763,0,1,1,16168
1764,1764,0,1,1,16172
1765,1765,0,1,1,16172
1766,1766,0,1,1,16172
1767,1767,0,1,1,16172
1768,1768,0,1,1,16168
1769,1769,0,1,1,16168
1770,1770,0,1,1,16168
1771,1771,0,1,1,16168
1772,1772,0,1,1,16176
1773,1773,0,1,1,16176
1774,1774,0,1,1,16176
1775,1775,0,1,1,16176
1776,1776,0,1,1,16164
1777,1777,0,1,1,16164
1778,1778,0,1,1,16164
1779,1779,0,1,1,16164
1780,1780,0,1,1,36
1781,1781,0,1,0,36
1782,1782,0,1,0,36
1783,1783,0,1,0,36
1784,1784,0,1,0,40
1785,1785,0,1,0,40
1786,1786,0,1,0,40
1787,1787,0,1,0,40
1788,1788,0,1,0,44
1789,1789,0,1,0,44
1790,1790,0,1,0,44
1791,1791,0,1,0,44
1792,1792,0,1,0,36
1793,1793,0,1,0,36
1794,1794,0,1,0,36
1795,1795,0,1,0,36
1796,1796,0,1,0,32
1797,1797,0,1,0,32
1798,1798,0,1,0,32
1799,1799,0,1,0,32
1800,1800,0,1,0,36
1801,1801,0,1,0,36
1802,1802,0,1,0,36
1803,1803,0,1,0,36
1804,1804,0,1,0,40
1805,1805,0,1,0,40
1806,1806,0,1,0,40
1807,1807,0,1,0,40
1808,1808,0,1,0,16140
1809,1809,0,1,1,16140
1810,1810,0,1,1,16140
1811,1811,0,1,1,16140
1812,1812,0,1,1,16168
1813,1813,0,1,1,16168
1814,1814,0,1,1,16168
1815,1815,0,1,1,16168
1816,1816,0,1,1,16184
1817,1817,0,1,1,16184
1818,1818,0,1,1,16184
1819,1819,0,1,1,16184
1820,1820,0,1,1,16172
1821,1821,0,1,1,16172
1822,1822,0,1,1,16172
1823,1823,0,1,1,16172
1824,1824,0,1,1,16172
1825,1825,0,1,1,16172
1826,1826,0,1,1,16172
1827,1827,0,1,1,16172
1828,1828,0,1,1,44
1829,1829,0,1,0,44
1830,1830,0,1,0,44
1831,1831,0,1,0,44
1832,1832,0,1,0,36
1833,1833,0,1,0,36
1834,1834,0,1,0,36
1835,1835,0,1,0,36
1836,1836,0,1,0,28
1837,1837,0,1,0,28
1838,1838,0,1,0,28
1839,1839,0,1,0,28
1840,1840,0,1,0,48
1841,1841,0,1,0,48
1842,1842,0,1,0,48
1843,1843,0,1,0,48
1844,1844,0,1,0,32
1845,1845,0,1,0,32
1846,1846,0,1,0,32
1847,1847,0,1,0,32
1848,1848,0,1,0,48
1849,1849,0,1,0,48
1850,1850,0,1,0,48
1851,1851,0,1,0,48
1852,1852,0,1,0,44
1853,1853,0,1,0,44
1854,1854,0,1,0,44
1855,1855,0,1,0,44
1856,1856,0,1,0,48
1857,1857,0,1,0,48
1858,1858,0,1,0,48
1859,1859,0,1,0,48
1860,1860,0,1,0,48
1861,1861,0,1,0,48
1862,1862,0,1,0,48
1863,1863,0,1,0,48
1864,1864,0,1,0,24
1865,1865,0,1,0,24
1866,1866,0,1,0,24
1867,1867,0,1,0,24
1868,1868,0,1,0,16160
1869,1869,0,1,1,16160
1870,1870,0,1,1,16160
1871,1871,0,1,1,16160
1872,1872,0,1,1,16176
1873,1873,0,1,1,16176
1874,1874,0,1,1,16176
1875,1875,0,1,1,16176
1876,1876,0,1,1,16172
1877,1877,0,1,1,16172
1878,1878,0,1,1,16172
1879,1879,0,1,1,16172
1880,1880,0,1,1,44
1881,1881,0,1,0,44
1882,1882,0,1,0,44
1883,1883,0,1,0,44
1884,1884,0,1,0,40
1885,1885,0,1,0,40
1886,1886,0,1,0,40
1887,1887,0,1,0,40
1888,1888,0,1,0,52
1889,1889,0,1,0,52
1890,1890,0,1,0,52
1891,1891,0,1,0,52
1892,1892,0,1,0,20
1893,1893,0,1,0,20
1894,1894,0,1,0,20
1895,1895,0,1,0,20
1896,1896,0,1,0,40
1897,1897,0,1,0,40
1898,1898,0,1,0,40
1899,1899,0,1,0,40
1900,1900,0,1,0,16172
1901,1901,0,1,1,16172
1902,1902,0,1,1,16172
1903,1903,0,1,1,16172
1904,1904,0,1,1,16172
1905,1905,0,1,1,16172
1906,1906,0,1,1,16172
1907,1907,0,1,1,16172
1908,1908,0,1,1,40
1909,1909,0,1,0,40
1910,1910,0,1,0,40
1911,1911,0,1,0,40
1912,1912,0,1,0,44
1913,1913,0,1,0,44
1914,1914,0,1,0,44
1915,1915,0,1,0,44
1916,1916,0,1,0,48
1917,1917,0,1,0,48
1918,1918,0,1,0,48
1919,1919,0,1,0,48
1920,1920,0,1,0,52
1921,1921,0,1,0,52
1922,1922,0,1,0,52
1923,1923,0,1,0,52
1924,1924,0,1,0,44
1925,1925,0,1,0,44
1926,1926,0,1,0,44
1927,1927,0,1,0,44
1928,1928,0,1,0,52
1929,1929,0,1,0,52
1930,1930,0,1,0,52
1931,1931,0,1,0,52
1932,1932,0,1,0,60
1933,1933,0,1,0,60
1934,1934,0,1,0,60
1935,1935,0,1,0,60
1936,1936,0,1,0,52
1937,1937,0,1,0,52
1938,1938,0,1,0,52
1939,1939,0,1,0,52
1940,1940,0,1,0,16160
1941,1941,0,1,1,16160
1942,1942,0,1,1,16160
1943,1943,0,1,1,16160
1944,1944,0,1,1,16176
1945,1945,0,1,1,16176
1946,1946,0,1,1,16176
1947,1947,0,1,1,16176
1948,1948,0,1,1,16184
1949,1949,0,1,1,16184
1950,1950,0,1,1,16184
1951,1951,0,1,1,16184
1952,1952,0,1,1,16168
1953,1953,0,1,1,16168
1954,1954,0,1,1,16168
1955,1955,0,1,1,16168
1956,1956,0,1,1,16176
1957,1957,0,1,1,16176
1958,1958,0,1,1,16176
1959,1959,0,1,1,16176
1960,1960,0,1,1,16160
1961,1961,0,1,1,16160
1962,1962,0,1,1,16160
1963,1963,0,1,1,16160
1964,1964,0,1,1,16168
1965,1965,0,1,1,16168
1966,1966,0,1,1,16168
1967,1967,0,1,1,16168
1968,1968,0,1,1,56
1969,1969,0,1,0,56
1970,1970,0,1,0,56
1971,1971,0,1,0,56
1972,1972,0,1,0,32
1973,1973,0,1,0,32
1974,1974,0,1,0,32
1975,1975,0,1,0,32
1976,1976,0,1,0,36
1977,1977,0,1,0,36
1978,1978,0,1,0,36
1979,1979,0,1,0,36
1980,1980,0,1,0,52
1981,1981,0,1,0,52
1982,1982,0,1,0,52
1983,1983,0,1,0,52
1984,1984,0,1,0,44
1985,1985,0,1,0,44
1986,1986,0,1,0,44
1987,1987,0,1,0,44
1988,1988,0,1,0,40
1989,1989,0,1,0,40
1990,1990,0,1,0,40
1991,1991,0,1,0,40
1992,1992,0,1,0,40
1993,1993,0,1,0,40
1994,1994,0,1,0,40
1995,1995,0,1,0,40
1996,1996,0,1,0,44
1997,1997,0,1,0,44
1998,1998,0,1,0,44
1999,1999,0,1,0,44
2000,2000,0,1,0,40
2001,2001,0,1,0,40
2002,2002,0,1,0,40
2003,2003,0,1,0,40
2004,2004,0,1,0,48
2005,2005,0,1,0,48
2006,2006,0,1,0,48
2007,2007,0,1,0,48
2008,2008,0,1,0,36
2009,2009,0,1,0,36
2010,2010,0,1,0,36
2011,2011,0,1,0,36
2012,2012,0,1,0,36
2013,2013,0,1,0,36
2014,2014,0,1,0,36
2015,2015,0,1,0,36
2016,2016,0,1,0,36
2017,2017,0,1,0,36
2018,2018,0,1,0,36
2019,2019,0,1,0,36
2020,2020,0,1,0,36
2021,2021,0,1,0,36
2022,2022,0,1,0,36
2023,2023,0,1,0,36
2024,2024,0,1,0,52
2025,2025,0,1,0,52
2026,2026,0,1,0,52
2027,2027,0,1,0,52
2028,2028,0,1,0,52
2029,2029,0,1,0,52
2030,2030,0,1,0,52
2031,2031,0,1,0,52
2032,2032,0,1,0,40
2033,2033,0,1,0,40
2034,2034,0,1,0,40
2035,2035,0,1,0,40
2036,2036,0,1,0,36
2037,2037,0,1,0,36
2038,2038,0,1,0,36
2039,2039,0,1,0,36
2040,2040,0,1,0,40
2041,2041,0,1,0,40
2042,2042,0,1,0,40
2043,2043,0,1,0,40
2044,2044,0,1,0,44
2045,2045,0,1,0,44
2046,2046,0,1,0,44
2047,2047,0,1,0,44
2048,2048,1,1,0,16156
2049,2049,0,1,1,16156
2050,2050,0,1,1,16156
2051,2051,0,1,1,16156
2052,2052,0,1,1,16180
2053,2053,0,1,1,16180
2054,2054,0,1,1,16180
2055,2055,0,1,1,16180
2056,2056,0,1,1,16168
2057,2057,0,1,1,16168
2058,2058,0,1,1,16168
2059,2059,0,1,1,16168
2060,2060,0,1,1,44
2061,2061,0,1,0,44
2062,2062,0,1,0,44
2063,2063,0,1,0,44
2064,2064,0,1,0,28
2065,2065,0,1,0,28
2066,2066,0,1,0,28
2067,2067,0,1,0,28
2068,2068,0,1,0,44
2069,2069,0,1,0,44
2070,2070,0,1,0,44
2071,2071,0,1,0,44
2072,2072,0,1,0,44
2073,2073,0,1,0,44
2074,2074,0,1,0,44
2075,2075,0,1,0,44
2076,2076,0,1,0,44
2077,2077,0,1,0,44
2078,2078,0,1,0,44
2079,2079,0,1,0,44
2080,2080,0,1,0,40
2081,2081,0,1,0,40
2082,2082,0,1,0,40
2083,2083,0,1,0,40
2084,2084,0,1,0,48
2085,2085,0,1,0,48
2086,2086,0,1,0,48
2087,2087,0,1,0,48
2088,2088,0,1,0,16156
2089,2089,0,1,1,16156
2090,2090,0,1,1,16156
2091,2091,0,1,1,16156
2092,2092,0,1,1,16172
2093,2093,0,1,1,16172
2094,2094,0,1,1,16172
2095,2095,0,1,1,16172
2096,2096,0,1,1,16172
2097,2097,0,1,1,16172
2098,2098,0,1,1,16172
2099,2099,0,1,1,16172
2100,2100,0,1,1,40
2101,2101,0,1,0,40
2102,2102,0,1,0,40
2103,2103,0,1,0,40
2104,2104,0,1,0,40
2105,2105,0,1,0,40
2106,2106,0,1,0,40
2107,2107,0,1,0,40
2108,2108,0,1,0,48
2109,2109,0,1,0,48
2110,2110,0,1,0,48
2111,2111,0,1,0,48
2112,2112,0,1,0,32
2113,2113,0,1,0,32
2114,2114,0,1,0,32
2115,2115,0,1,0,32
2116,2116,0,1,0,36
2117,2117,0,1,0,36
2118,2118,0,1,0,36
2119,2119,0,1,0,36
2120,2120,0,1,0,16180
2121,2121,0,1,1,16180
2122,2122,0,1,1,16180
2123,2123,0,1,1,16180
2124,2124,0,1,1,16164
2125,2125,0,1,1,16164
2126,2126,0,1,1,16164
2127,2127,0,1,1,16164
2128,2128,0,1,1,16160
2129,2129,0,1,1,16160
2130,2130,0,1,1,16160
2131,2131,0,1,1,16160
2132,2132,0,1,1,16156
2133,2133,0,1,1,16156
2134,2134,0,1,1,16156
2135,2135,0,1,1,16156
2136,2136,0,1,1,16180
2137,2137,0,1,1,16180
2138,2138,0,1,1,16180
2139,2139,0,1,1,16180
2140,2140,0,1,1,40
2141,2141,0,1,0,40
2142,2142,0,1,0,40
2143,2143,0,1,0,40
2144,2144,0,1,0,32
2145,2145,0,1,0,32
2146,2146,0,1,0,32
2147,2147,0,1,0,32
2148,2148,0,1,0,36
2149,2149,0,1,0,36
2150,2150,0,1,0,36
2151,2151,0,1,0,36
2152,2152,0,1,0,28
2153,2153,0,1,0,28
2154,2154,0,1,0,28
2155,2155,0,1,0,28
2156,2156,0,1,0,40
2157,2157,0,1,0,40
2158,2158,0,1,0,40
2159,2159,0,1,0,40
2160,2160,0,1,0,16168
2161,2161,0,1,1,16168
2162,2162,0,1,1,16168
2163,2163,0,1,1,16168
2164,2164,0,1,1,16164
2165,2165,0,1,1,16164
2166,2166,0,1,1,16164
2167,2167,0,1,1,16164
2168,2168,0,1,1,52
2169,2169,0,1,0,52
2170,2170,0,1,0,52
2171,2171,0,1,0,52
2172,2172,0,1,0,40
2173,2173,0,1,0,40
2174,2174,0,1,0,40
2175,2175,0,1,0,40
2176,2176,0,1,0,28
2177,2177,0,1,0,28
2178,2178,0,1,0,28
2179,2179,0,1,0,28
2180,2180,0,1,0,16172
2181,2181,0,1,1,16172
2182,2182,0,1,1,16172
2183,2183,0,1,1,16172
2184,2184,0,1,1,16172
2185,2185,0,1,1,16172
2186,2186,0,1,1,16172
2187,2187,0,1,1,16172
2188,2188,0,1,1,44
2189,2189,0,1,0,44
2190,2190,0,1,0,44
2191,2191,0,1,0,44
2192,2192,0,1,0,40
2193,2193,0,1,0,40
2194,2194,0,1,0,40
2195,2195,0,1,0,40
2196,2196,0,1,0,36
2197,2197,0,1,0,36
2198,2198,0,1,0,36
2199,2199,0,1,0,36
2200,2200,0,1,0,44
2201,2201,0,1,0,44
2202,2202,0,1,0,44
2203,2203,0,1,0,44
2204,2204,0,1,0,44
2205,2205,0,1,0,44
2206,2206,0,1,0,44
2207,2207,0,1,0,44
2208,2208,0,1,0,40
2209,2209,0,1,0,40
2210,2210,0,1,0,40
2211,2211,0,1,0,40
2212,2212,0,1,0,44
2213,2213,0,1,0,44
2214,2214,0,1,0,44
2215,2215,0,1,0,44
2216,2216,0,1,0,44
2217,2217,0,1,0,44
2218,2218,0,1,0,44
2219,2219,0,1,0,44
2220,2220,0,1,0,48
2221,2221,0,1,0,48
2222,2222,0,1,0,48
2223,2223,0,1,0,48
2224,2224,0,1,0,40
2225,2225,0,1,0,40
2226,2226,0,1,0,40
2227,2227,0,1,0,40
2228,2228,0,1,0,40
2229,2229,0,1,0,40
2230,2230,0,1,0,40
2231,2231,0,1,0,40
2232,2232,0,1,0,44
2233,2233,0,1,0,44
2234,2234,0,1,0,44
2235,2235,0,1,0,44
2236,2236,0,1,0,44
2237,2237,0,1,0,44
2238,2238,0,1,0,44
2239,2239,0,1,0,44
2240,2240,0,1,0,32
2241,2241,0,1,0,32
2242,2242,0,1,0,32
2243,2243,0,1,0,32
2244,2244,0,1,0,36
2245,2245,0,1,0,36
2246,2246,0,1,0,36
2247,2247,0,1,0,36
2248,2248,0,1,0,16168
2249,2249,0,1,1,16168
2250,2250,0,1,1,16168
2251,2251,0,1,1,16168
2252,2252,0,1,1,16160
2253,2253,0,1,1,16160
2254,2254,0,1,1,16160
2255,2255,0,1,1,16160
2256,2256,0,1,1,16172
2257,2257,0,1,1,16172
2258,2258,0,1,1,16172
2259,2259,0,1,1,16172
2260,2260,0,1,1,16168
2261,2261,0,1,1,16168
2262,2262,0,1,1,16168
2263,2263,0,1,1,16168
2264,2264,0,1,1,16172
2265,2265,0,1,1,16172
2266,2266,0,1,1,16172
2267,2267,0,1,1,16172
2268,2268,0,1,1,16176
2269,2269,0,1,1,16176
2270,2270,0,1,1,16176
2271,2271,0,1,1,16176
2272,2272,0,1,1,16168
2273,2273,0,1,1,16168
2274,2274,0,1,1,16168
2275,2275,0,1,1,16168
2276,2276,0,1,1,16172
2277,2277,0,1,1,16172
2278,2278,0,1,1,16172
2279,2279,0,1,1,16172
2280,2280,0,1,1,16164
2281,2281,0,1,1,16164
2282,2282,0,1,1,16164
2283,2283,0,1,1,16164
2284,2284,0,1,1,16172
2285,2285,0,1,1,16172
2286,2286,0,1,1,16172
2287,2287,0,1,1,16172
2288,2288,0,1,1,16168
2289,2289,0,1,1,16168
2290,2290,0,1,1,16168
2291,2291,0,1,1,16168
2292,2292,0,1,1,16172
2293,2293,0,1,1,16172
2294,2294,0,1,1,16172
2295,2295,0,1,1,16172
2296,2296,0,1,1,16164
2297,2297,0,1,1,16164
2298,2298,0,1,1,16164
2299,2299,0,1,1,16164
2300,2300,0,1,1,44
2301,2301,0,1,0,44
2302,2302,0,1,0,44
2303,2303,0,1,0,44
2304,2304,0,1,0,36
2305,2305,0,1,0,36
2306,2306,0,1,0,36
2307,2307,0,1,0,36
2308,2308,0,1,0,16172
2309,2309,0,1,1,16172
2310,2310,0,1,1,16172
2311,2311,0,1,1,16172
2312,2312,0,1,1,16168
2313,2313,0,1,1,16168
2314,2314,0,1,1,16168
2315,2315,0,1,1,16168
2316,2316,0,1,1,16168
2317,2317,0,1,1,16168
2318,2318,0,1,1,16168
2319,2319,0,1,1,16168
2320,2320,0,1,1,16
2321,2321,0,1,0,16
2322,2322,0,1,0,16
2323,2323,0,1,0,16
2324,2324,0,1,0,48
2325,2325,0,1,0,48
2326,2326,0,1,0,48
2327,2327,0,1,0,48
2328,2328,0,1,0,48
2329,2329,0,1,0,48
2330,2330,0,1,0,48
2331,2331,0,1,0,48
2332,2332,0,1,0,40
2333,2333,0,1,0,40
2334,2334,0,1,0,40
2335,2335,0,1,0,40
2336,2336,0,1,0,40
2337,2337,0,1,0,40
2338,2338,0,1,0,40
2339,2339,0,1,0,40
2340,2340,0,1,0,16172
2341,2341,0,1,1,16172
2342,2342,0,1,1,16172
2343,2343,0,1,1,16172
2344,2344,0,1,1,16176
2345,2345,0,1,1,16176
2346,2346,0,1,1,16176
2347,2347,0,1,1,16176
2348,2348,0,1,1,16176
2349,2349,0,1,1,16176
2350,2350,0,1,1,16176
2351,2351,0,1,1,16176
2352,2352,0,1,1,16172
2353,2353,0,1,1,16172
2354,2354,0,1,1,16172
2355,2355,0,1,1,16172
2356,2356,0,1,1,16172
2357,2357,0,1,1,16172
2358,2358,0,1,1,16172
2359,2359,0,1,1,16172
2360,2360,0,1,1,52
2361,2361,0,1,0,52
2362,2362,0,1,0,52
2363,2363,0,1,0,52
2364,2364,0,1,0,32
2365,2365,0,1,0,32
2366,2366,0,1,0,32
2367,2367,0,1,0,32
2368,2368,0,1,0,16164
2369,2369,0,1,1,16164
2370,2370,0,1,1,16164
2371,2371,0,1,1,16164
2372,2372,0,1,1,16180
2373,2373,0,1,1,16180
2374,2374,0,1,1,16180
2375,2375,0,1,1,16180
2376,2376,0,1,1,16152
2377,2377,0,1,1,16152
2378,2378,0,1,1,16152
2379,2379,0,1,1,16152
2380,2380,0,1,1,16172
2381,2381,0,1,1,16172
2382,2382,0,1,1,16172
2383,2383,0,1,1,16172
2384,2384,0,1,1,16164
2385,2385,0,1,1,16164
2386,2386,0,1,1,16164
2387,2387,0,1,1,16164
2388,2388,0,1,1,16172
2389,2389,0,1,1,16172
2390,2390,0,1,1,16172
2391,2391,0,1,1,16172
2392,2392,0,1,1,16172
2393,2393,0,1,1,16172
2394,2394,0,1,1,16172
2395,2395,0,1,1,16172
2396,2396,0,1,1,16192
2397,2397,0,1,1,16192
2398,2398,0,1,1,16192
2399,2399,0,1,1,16192
2400,2400,0,1,1,16180
2401,2401,0,1,1,16180
2402,2402,0,1,1,16180
2403,2403,0,1,1,16180
2404,2404,0,1,1,16172
2405,2405,0,1,1,16172
2406,2406,0,1,1,16172
2407,2407,0,1,1,16172
2408,2408,0,1,1,16164
2409,2409,0,1,1,16164
2410,2410,0,1,1,16164
2411,2411,0,1,1,16164
2412,2412,0,1,1,16180
2413,2413,0,1,1,16180
2414,2414,0,1,1,16180
2415,2415,0,1,1,16180
2416,2416,0,1,1,16172
2417,2417,0,1,1,16172
2418,2418,0,1,1,16172
2419,2419,0,1,1,16172
2420,2420,0,1,1,32
2421,2421,0,1,0,32
2422,2422,0,1,0,32
2423,2423,0,1,0,32
2424,2424,0,1,0,36
2425,2425,0,1,0,36
2426,2426,0,1,0,36
2427,2427,0,1,0,36
2428,2428,0,1,0,44
2429,2429,0,1,0,44
2430,2430,0,1,0,44
2431,2431,0,1,0,44
2432,2432,0,1,0,52
2433,2433,0,1,0,52
2434,2434,0,1,0,52
2435,2435,0,1,0,52
2436,2436,0,1,0,32
2437,2437,0,1,0,32
2438,2438,0,1,0,32
2439,2439,0,1,0,32
2440,2440,0,1,0,40
2441,2441,0,1,0,40
2442,2442,0,1,0,40
2443,2443,0,1,0,40
2444,2444,0,1,0,48
2445,2445,0,1,0,48
2446,2446,0,1,0,48
2447,2447,0,1,0,48
2448,2448,0,1,0,52
2449,2449,0,1,0,52
2450,2450,0,1,0,52
2451,2451,0,1,0,52
2452,2452,0,1,0,56
2453,2453,0,1,0,56
2454,2454,0,1,0,56
2455,2455,0,1,0,56
2456,2456,0,1,0,32
2457,2457,0,1,0,32
2458,2458,0,1,0,32
2459,2459,0,1,0,32
2460,2460,0,1,0,48
2461,2461,0,1,0,48
2462,2462,0,1,0,48
2463,2463,0,1,0,48
2464,2464,0,1,0,40
2465,2465,0,1,0,40
2466,2466,0,1,0,40
2467,2467,0,1,0,40
2468,2468,0,1,0,16164
2469,2469,0,1,1,16164
2470,2470,0,1,1,16164
2471,2471,0,1,1,16164
2472,2472,0,1,1,16184
2473,2473,0,1,1,16184
2474,2474,0,1,1,16184
2475,2475,0,1,1,16184
2476,2476,0,1,1,16184
2477,2477,0,1,1,16184
2478,2478,0,1,1,16184
2479,2479,0,1,1,16184
2480,2480,0,1,1,16168
2481,2481,0,1,1,16168
2482,2482,0,1,1,16168
2483,2483,0,1,1,16168
2484,2484,0,1,1,16172
2485,2485,0,1,1,16172
2486,2486,0,1,1,16172
2487,2487,0,1,1,16172
2488,2488,0,1,1,48
2489,2489,0,1,0,48
2490,2490,0,1,0,48
2491,2491,0,1,0,48
2492,2492,0,1,0,48
2493,2493,0,1,0,48
2494,2494,0,1,0,48
2495,2495,0,1,0,48
2496,2496,0,1,0,36
2497,2497,0,1,0,36
2498,2498,0,1,0,36
2499,2499,0,1,0,36
2500,2500,0,1,0,36
2501,2501,0,1,0,36
2502,2502,0,1,0,36
2503,2503,0,1,0,36
2504,2504,0,1,0,60
2505,2505,0,1,0,60
2506,2506,0,1,0,60
2507,2507,0,1,0,60
2508,2508,0,1,0,52
2509,2509,0,1,0,52
2510,2510,0,1,0,52
2511,2511,0,1,0,52
2512,2512,0,1,0,48
2513,2513,0,1,0,48
2514,2514,0,1,0,48
2515,2515,0,1,0,48
2516,2516,0,1,0,44
2517,2517,0,1,0,44
2518,2518,0,1,0,44
2519,2519,0,1,0,44
2520,2520,0,1,0,48
2521,2521,0,1,0,48
2522,2522,0,1,0,48
2523,2523,0,1,0,48
2524,2524,0,1,0,52
2525,2525,0,1,0,52
2526,2526,0,1,0,52
2527,2527,0,1,0,52
2528,2528,0,1,0,48
2529,2529,0,1,0,48
2530,2530,0,1,0,48
2531,2531,0,1,0,48
2532,2532,0,1,0,48
2533,2533,0,1,0,48
2534,2534,0,1,0,48
2535,2535,0,1,0,48
2536,2536,0,1,0,40
2537,2537,0,1,0,40
2538,2538,0,1,0,40
2539,2539,0,1,0,40
2540,2540,0,1,0,16164
2541,2541,0,1,1,16164
2542,2542,0,1,1,16164
2543,2543,0,1,1,16164
2544,2544,0,1,1,16172
2545,2545,0,1,1,16172
2546,2546,0,1,1,16172
2547,2547,0,1,1,16172
2548,2548,0,1,1,52
2549,2549,0,1,0,52
2550,2550,0,1,0,52
2551,2551,0,1,0,52
2552,2552,0,1,0,36
2553,2553,0,1,0,36
2554,2554,0,1,0,36
2555,2555,0,1,0,36
2556,2556,0,1,0,40
2557,2557,0,1,0,40
2558,2558,0,1,0,40
2559,2559,0,1,0,40
2560,2560,0,1,0,44
2561,2561,0,1,0,44
2562,2562,0,1,0,44
2563,2563,0,1,0,44
2564,2564,0,1,0,40
2565,2565,0,1,0,40
2566,2566,0,1,0,40
2567,2567,0,1,0,40
2568,2568,0,1,0,16164
2569,2569,0,1,1,16164
2570,2570,0,1,1,16164
2571,2571,0,1,1,16164
2572,2572,0,1,1,16184
2573,2573,0,1,1,16184
2574,2574,0,1,1,16184
2575,2575,0,1,1,16184
2576,2576,0,1,1,16176
2577,2577,0,1,1,16176
2578,2578,0,1,1,16176
2579,2579,0,1,1,16176
2580,2580,0,1,1,16164
2581,2581,0,1,1,16164
2582,2582,0,1,1,16164
2583,2583,0,1,1,16164
2584,2584,0,1,1,16164
2585,2585,0,1,1,16164
2586,2586,0,1,1,16164
2587,2587,0,1,1,16164
2588,2588,0,1,1,16176
2589,2589,0,1,1,16176
2590,2590,0,1,1,16176
2591,2591,0,1,1,16176
2592,2592,0,1,1,16168
2593,2593,0,1,1,16168
2594,2594,0,1,1,16168
2595,2595,0,1,1,16168
2596,2596,0,1,1,16176
2597,2597,0,1,1,16176
2598,2598,0,1,1,16176
2599,2599,0,1,1,16176
2600,2600,0,1,1,36
2601,2601,0,1,0,36
2602,2602,0,1,0,36
2603,2603,0,1,0,36
2604,2604,0,1,0,44
2605,2605,0,1,0,44
2606,2606,0,1,0,44
2607,2607,0,1,0,44
2608,2608,0,1,0,36
2609,2609,0,1,0,36
2610,2610,0,1,0,36
2611,2611,0,1,0,36
2612,2612,0,1,0,36
2613,2613,0,1,0,36
2614,2614,0,1,0,36
2615,2615,0,1,0,36
2616,2616,0,1,0,40
2617,2617,0,1,0,40
2618,2618,0,1,0,40
2619,2619,0,1,0,40
2620,2620,0,1,0,36
2621,2621,0,1,0,36
2622,2622,0,1,0,36
2623,2623,0,1,0,36
2624,2624,0,1,0,40
2625,2625,0,1,0,40
2626,2626,0,1,0,40
2627,2627,0,1,0,40
2628,2628,0,1,0,16168
2629,2629,0,1,1,16168
2630,2630,0,1,1,16168
2631,2631,0,1,1,16168
2632,2632,0,1,1,16144
2633,2633,0,1,1,16144
2634,2634,0,1,1,16144
2635,2635,0,1,1,16144
2636,2636,0,1,1,16176
2637,2637,0,1,1,16176
2638,2638,0,1,1,16176
2639,2639,0,1,1,16176
2640,2640,0,1,1,16168
2641,2641,0,1,1,16168
2642,2642,0,1,1,16168
2643,2643,0,1,1,16168
2644,2644,0,1,1,16176
2645,2645,0,1,1,16176
2646,2646,0,1,1,16176
2647,2647,0,1,1,16176
2648,2648,0,1,1,48
2649,2649,0,1,0,48
2650,2650,0,1,0,48
2651,2651,0,1,0,48
2652,2652,0,1,0,36
2653,2653,0,1,0,36
2654,2654,0,1,0,36
2655,2655,0,1,0,36
2656,2656,0,1,0,48
2657,2657,0,1,0,48
2658,2658,0,1,0,48
2659,2659,0,1,0,48
2660,2660,0,1,0,16164
2661,2661,0,1,1,16164
2662,2662,0,1,1,16164
2663,2663,0,1,1,16164
2664,2664,0,1,1,16180
2665,2665,0,1,1,16180
2666,2666,0,1,1,16180
2667,2667,0,1,1,16180
2668,2668,0,1,1,52
2669,2669,0,1,0,52
2670,2670,0,1,0,52
2671,2671,0,1,0,52
2672,2672,0,1,0,56
2673,2673,0,1,0,56
2674,2674,0,1,0,56
2675,2675,0,1,0,56
2676,2676,0,1,0,44
2677,2677,0,1,0,44
2678,2678,0,1,0,44
2679,2679,0,1,0,44
2680,2680,0,1,0,16172
2681,2681,0,1,1,16172
2682,2682,0,1,1,16172
2683,2683,0,1,1,16172
2684,2684,0,1,1,16176
2685,2685,0,1,1,16176
2686,2686,0,1,1,16176
2687,2687,0,1,1,16176
2688,2688,0,1,1,48
2689,2689,0,1,0,48
2690,2690,0,1,0,48
2691,2691,0,1,0,48
2692,2692,0,1,0,52
2693,2693,0,1,0,52
2694,2694,0,1,0,52
2695,2695,0,1,0,52
2696,2696,0,1,0,32
2697,2697,0,1,0,32
2698,2698,0,1,0,32
2699,2699,0,1,0,32
2700,2700,0,1,0,40
2701,2701,0,1,0,40
2702,2702,0,1,0,40
2703,2703,0,1,0,40
2704,2704,0,1,0,52
2705,2705,0,1,0,52
2706,2706,0,1,0,52
2707,2707,0,1,0,52
2708,2708,0,1,0,56
2709,2709,0,1,0,56
2710,2710,0,1,0,56
2711,2711,0,1,0,56
2712,2712,0,1,0,32
2713,2713,0,1,0,32
2714,2714,0,1,0,32
2715,2715,0,1,0,32
2716,2716,0,1,0,32
2717,2717,0,1,0,32
2718,2718,0,1,0,32
2719,2719,0,1,0,32
2720,2720,0,1,0,16188
2721,2721,0,1,1,16188
2722,2722,0,1,1,16188
2723,2723,0,1,1,16188
2724,2724,0,1,1,16184
2725,2725,0,1,1,16184
2726,2726,0,1,1,16184
2727,2727,0,1,1,16184
2728,2728,0,1,1,56
2729,2729,0,1,0,56
2730,2730,0,1,0,56
2731,2731,0,1,0,56
2732,2732,0,1,0,52
2733,2733,0,1,0,52
2734,2734,0,1,0,52
2735,2735,0,1,0,52
2736,2736,0,1,0,36
2737,2737,0,1,0,36
2738,2738,0,1,0,36
2739,2739,0,1,0,36
2740,2740,0,1,0,40
2741,2741,0,1,0,40
2742,2742,0,1,0,40
2743,2743,0,1,0,40
2744,2744,0,1,0,24
2745,2745,0,1,0,24
2746,2746,0,1,0,24
2747,2747,0,1,0,24
2748,2748,0,1,0,32
2749,2749,0,1,0,32
2750,2750,0,1,0,32
2751,2751,0,1,0,32
2752,2752,0,1,0,44
2753,2753,0,1,0,44
2754,2754,0,1,0,44
2755,2755,0,1,0,44
2756,2756,0,1,0,56
2757,2757,0,1,0,56
2758,2758,0,1,0,56
2759,2759,0,1,0,56
2760,2760,0,1,0,16184
2761,2761,0,1,1,16184
2762,2762,0,1,1,16184
2763,2763,0,1,1,16184
2764,2764,0,1,1,16172
2765,2765,0,1,1,16172
2766,2766,0,1,1,16172
2767,2767,0,1,1,16172
2768,2768,0,1,1,16160
2769,2769,0,1,1,16160
2770,2770,0,1,1,16160
2771,2771,0,1,1,16160
2772,2772,0,1,1,16164
2773,2773,0,1,1,16164
2774,2774,0,1,1,16164
2775,2775,0,1,1,16164
2776,2776,0,1,1,16180
2777,2777,0,1,1,16180
2778,2778,0,1,1,16180
2779,2779,0,1,1,16180
2780,2780,0,1,1,44
2781,2781,0,1,0,44
2782,2782,0,1,0,44
2783,2783,0,1,0,44
2784,2784,0,1,0,40
2785,2785,0,1,0,40
2786,2786,0,1,0,40
2787,2787,0,1,0,40
2788,2788,0,1,0,16148
2789,2789,0,1,1,16148
2790,2790,0,1,1,16148
2791,2791,0,1,1,16148
2792,2792,0,1,1,16172
2793,2793,0,1,1,16172
2794,2794,0,1,1,16172
2795,2795,0,1,1,16172
2796,2796,0,1,1,16160
2797,2797,0,1,1,16160
2798,2798,0,1,1,16160
2799,2799,0,1,1,16160
2800,2800,0,1,1,16176
2801,2801,0,1,1,16176
2802,2802,0,1,1,16176
2803,2803,0,1,1,16176
2804,2804,0,1,1,16188
2805,2805,0,1,1,16188
2806,2806,0,1,1,16188
2807,2807,0,1,1,16188
2808,2808,0,1,1,16168
2809,2809,0,1,1,16168
2810,2810,0,1,1,16168
2811,2811,0,1,1,16168
2812,2812,0,1,1,16180
2813,2813,0,1,1,16180
2814,2814,0,1,1,16180
2815,2815,0,1,1,16180
2816,2816,0,1,1,16184
2817,2817,0,1,1,16184
2818,2818,0,1,1,16184
2819,2819,0,1,1,16184
2820,2820,0,1,1,16176
2821,2821,0,1,1,16176
2822,2822,0,1,1,16176
2823,2823,0,1,1,16176
2824,2824,0,1,1,16168
2825,2825,0,1,1,16168
2826,2826,0,1,1,16168
2827,2827,0,1,1,16168
2828,2828,0,1,1,64
2829,2829,0,1,0,64
2830,2830,0,1,0,64
2831,2831,0,1,0,64
2832,2832,0,1,0,48
2833,2833,0,1,0,48
2834,2834,0,1,0,48
2835,2835,0,1,0,48
2836,2836,0,1,0,36
2837,2837,0,1,0,36
2838,2838,0,1,0,36
2839,2839,0,1,0,36
2840,2840,0,1,0,16168
2841,2841,0,1,1,16168
2842,2842,0,1,1,16168
2843,2843,0,1,1,16168
2844,2844,0,1,1,16168
2845,2845,0,1,1,16168
2846,2846,0,1,1,16168
2847,2847,0,1,1,16168
2848,2848,0,1,1,56
2849,2849,0,1,0,56
2850,2850,0,1,0,56
2851,2851,0,1,0,56
2852,2852,0,1,0,40
2853,2853,0,1,0,40
2854,2854,0,1,0,40
2855,2855,0,1,0,40
2856,2856,0,1,0,32
2857,2857,0,1,0,32
2858,2858,0,1,0,32
2859,2859,0,1,0,32
2860,2860,0,1,0,16168
2861,2861,0,1,1,16168
2862,2862,0,1,1,16168
2863,2863,0,1,1,16168
2864,2864,0,1,1,16180
2865,2865,0,1,1,16180
2866,2866,0,1,1,16180
2867,2867,0,1,1,16180
2868,2868,0,1,1,16176
2869,2869,0,1,1,16176
2870,2870,0,1,1,16176
2871,2871,0,1,1,16176
2872,2872,0,1,1,16176
2873,2873,0,1,1,16176
2874,2874,0,1,1,16176
2875,2875,0,1,1,16176
2876,2876,0,1,1,16180
2877,2877,0,1,1,16180
2878,2878,0,1,1,16180
2879,2879,0,1,1,16180
2880,2880,0,1,1,16160
2881,2881,0,1,1,16160
2882,2882,0,1,1,16160
2883,2883,0,1,1,16160
2884,2884,0,1,1,16180
2885,2885,0,1,1,16180
2886,2886,0,1,1,16180
2887,2887,0,1,1,16180
2888,2888,0,1,1,40
2889,2889,0,1,0,40
2890,2890,0,1,0,40
2891,2891,0,1,0,40
2892,2892,0,1,0,32
2893,2893,0,1,0,32
2894,2894,0,1,0,32
2895,2895,0,1,0,32
2896,2896,0,1,0,36
2897,2897,0,1,0,36
2898,2898,0,1,0,36
2899,2899,0,1,0,36
2900,2900,0,1,0,48
2901,2901,0,1,0,48
2902,2902,0,1,0,48
2903,2903,0,1,0,48
2904,2904,0,1,0,44
2905,2905,0,1,0,44
2906,2906,0,1,0,44
2907,2907,0,1,0,44
2908,2908,0,1,0,16152
2909,2909,0,1,1,16152
2910,2910,0,1,1,16152
2911,2911,0,1,1,16152
2912,2912,0,1,1,16172
2913,2913,0,1,1,16172
2914,2914,0,1,1,16172
2915,2915,0,1,1,16172
2916,2916,0,1,1,16164
2917,2917,0,1,1,16164
2918,2918,0,1,1,16164
2919,2919,0,1,1,16164
2920,2920,0,1,1,16176
2921,2921,0,1,1,16176
2922,2922,0,1,1,16176
2923,2923,0,1,1,16176
2924,2924,0,1,1,16176
2925,2925,0,1,1,16176
2926,2926,0,1,1,16176
2927,2927,0,1,1,16176
2928,2928,0,1,1,16172
2929,2929,0,1,1,16172
2930,2930,0,1,1,16172
2931,2931,0,1,1,16172
2932,2932,0,1,1,16172
2933,2933,0,1,1,16172
2934,2934,0,1,1,16172
2935,2935,0,1,1,16172
2936,2936,0,1,1,16164
2937,2937,0,1,1,16164
2938,2938,0,1,1,16164
2939,2939,0,1,1,16164
2940,2940,0,1,1,16168
2941,2941,0,1,1,16168
2942,2942,0,1,1,16168
2943,2943,0,1,1,16168
2944,2944,0,1,1,16180
2945,2945,0,1,1,16180
2946,2946,0,1,1,16180
2947,2947,0,1,1,16180
2948,2948,0,1,1,52
2949,2949,0,1,0,52
2950,2950,0,1,0,52
2951,2951,0,1,0,52
2952,2952,0,1,0,40
2953,2953,0,1,0,40
2954,2954,0,1,0,40
2955,2955,0,1,0,40
2956,2956,0,1,0,32
2957,2957,0,1,0,32
2958,2958,0,1,0,32
2959,2959,0,1,0,32
2960,2960,0,1,0,32
2961,2961,0,1,0,32
2962,2962,0,1,0,32
2963,2963,0,1,0,32
2964,2964,0,1,0,36
2965,2965,0,1,0,36
2966,2966,0,1,0,36
2967,2967,0,1,0,36
2968,2968,0,1,0,52
2969,2969,0,1,0,52
2970,2970,0,1,0,52
2971,2971,0,1,0,52
2972,2972,0,1,0,44
2973,2973,0,1,0,44
2974,2974,0,1,0,44
2975,2975,0,1,0,44
2976,2976,0,1,0,56
2977,2977,0,1,0,56
2978,2978,0,1,0,56
2979,2979,0,1,0,56
2980,2980,0,1,0,16164
2981,2981,0,1,1,16164
2982,2982,0,1,1,16164
2983,2983,0,1,1,16164
2984,2984,0,1,1,16160
2985,2985,0,1,1,16160
2986,2986,0,1,1,16160
2987,2987,0,1,1,16160
2988,2988,0,1,1,16172
2989,2989,0,1,1,16172
2990,2990,0,1,1,16172
2991,2991,0,1,1,16172
2992,2992,0,1,1,16176
2993,2993,0,1,1,16176
2994,2994,0,1,1,16176
2995,2995,0,1,1,16176
2996,2996,0,1,1,16168
2997,2997,0,1,1,16168
2998,2998,0,1,1,16168
2999,2999,0,1,1,16168
3000,3000,0,1,1,16176
3001,3001,0,1,1,16176
3002,3002,0,1,1,16176
3003,3003,0,1,1,16176
3004,3004,0,1,1,16180
3005,3005,0,1,1,16180
3006,3006,0,1,1,16180
3007,3007,0,1,1,16180
3008,3008,0,1,1,48
3009,3009,0,1,0,48
3010,3010,0,1,0,48
3011,3011,0,1,0,48
3012,3012,0,1,0,36
3013,3013,0,1,0,36
3014,3014,0,1,0,36
3015,3015,0,1,0,36
3016,3016,0,1,0,28
3017,3017,0,1,0,28
3018,3018,0,1,0,28
3019,3019,0,1,0,28
3020,3020,0,1,0,16172
3021,3021,0,1,1,16172
3022,3022,0,1,1,16172
3023,3023,0,1,1,16172
3024,3024,0,1,1,16164
3025,3025,0,1,1,16164
3026,3026,0,1,1,16164
3027,3027,0,1,1,16164
3028,3028,0,1,1,52
3029,3029,0,1,0,52
3030,3030,0,1,0,52
3031,3031,0,1,0,52
3032,3032,0,1,0,48
3033,3033,0,1,0,48
3034,3034,0,1,0,48
3035,3035,0,1,0,48
3036,3036,0,1,0,40
3037,3037,0,1,0,40
3038,3038,0,1,0,40
3039,3039,0,1,0,40
3040,3040,0,1,0,48
3041,3041,0,1,0,48
3042,3042,0,1,0,48
3043,3043,0,1,0,48
3044,3044,0,1,0,36
3045,3045,0,1,0,36
3046,3046,0,1,0,36
3047,3047,0,1,0,36
3048,3048,0,1,0,40
3049,3049,0,1,0,40
3050,3050,0,1,0,40
3051,3051,0,1,0,40
3052,3052,0,1,0,28
3053,3053,0,1,0,28
3054,3054,0,1,0,28
3055,3055,0,1,0,28
3056,3056,0,1,0,48
3057,3057,0,1,0,48
3058,3058,0,1,0,48
3059,3059,0,1,0,48
3060,3060,0,1,0,44
3061,3061,0,1,0,44
3062,3062,0,1,0,44
3063,3063,0,1,0,44
3064,3064,0,1,0,36
3065,3065,0,1,0,36
3066,3066,0,1,0,36
3067,3067,0,1,0,36
3068,3068,0,1,0,16168
3069,3069,0,1,1,16168
3070,3070,0,1,1,16168
3071,3071,0,1,1,16168
3072,3072,0,1,1,16172
3073,3073,0,1,1,16172
3074,3074,0,1,1,16172
3075,3075,0,1,1,16172
3076,3076,0,1,1,16180
3077,3077,0,1,1,16180
3078,3078,0,1,1,16180
3079,3079,0,1,1,16180
3080,3080,0,1,1,40
3081,3081,0,1,0,40
3082,3082,0,1,0,40
3083,3083,0,1,0,40
3084,3084,0,1,0,32
3085,3085,0,1,0,32
3086,3086,0,1,0,32
3087,3087,0,1,0,32
3088,3088,0,1,0,48
3089,3089,0,1,0,48
3090,3090,0,1,0,48
3091,3091,0,1,0,48
3092,3092,0,1,0,44
3093,3093,0,1,0,44
3094,3094,0,1,0,44
3095,3095,0,1,0,44
3096,3096,0,1,0,40
3097,3097,0,1,0,40
3098,3098,0,1,0,40
3099,3099,0,1,0,40
3100,3100,0,1,0,36
3101,3101,0,1,0,36
3102,3102,0,1,0,36
3103,3103,0,1,0,36
3104,3104,0,1,0,28
3105,3105,0,1,0,28
3106,3106,0,1,0,28
3107,3107,0,1,0,28
3108,3108,0,1,0,16172
3109,3109,0,1,1,16172
3110,3110,0,1,1,16172
3111,3111,0,1,1,16172
3112,3112,0,1,1,16164
3113,3113,0,1,1,16164
3114,3114,0,1,1,16164
3115,3115,0,1,1,16164
3116,3116,0,1,1,16172
3117,3117,0,1,1,16172
3118,3118,0,1,1,16172
3119,3119,0,1,1,16172
3120,3120,0,1,1,32
3121,3121,0,1,0,32
3122,3122,0,1,0,32
3123,3123,0,1,0,32
3124,3124,0,1,0,44
3125,3125,0,1,0,44
3126,3126,0,1,0,44
3127,3127,0,1,0,44
3128,3128,0,1,0,48
3129,3129,0,1,0,48
3130,3130,0,1,0,48
3131,3131,0,1,0,48
3132,3132,0,1,0,52
3133,3133,0,1,0,52
3134,3134,0,1,0,52
3135,3135,0,1,0,52
3136,3136,0,1,0,28
3137,3137,0,1,0,28
3138,3138,0,1,0,28
3139,3139,0,1,0,28
3140,3140,0,1,0,16172
3141,3141,0,1,1,16172
3142,3142,0,1,1,16172
3143,3143,0,1,1,16172
3144,3144,0,1,1,16172
3145,3145,0,1,1,16172
3146,3146,0,1,1,16172
3147,3147,0,1,1,16172
3148,3148,0,1,1,48
3149,3149,0,1,0,48
3150,3150,0,1,0,48
3151,3151,0,1,0,48
3152,3152,0,1,0,48
3153,3153,0,1,0,48
3154,3154,0,1,0,48
3155,3155,0,1,0,48
3156,3156,0,1,0,32
3157,3157,0,1,0,32
3158,3158,0,1,0,32
3159,3159,0,1,0,32
3160,3160,0,1,0,16160
3161,3161,0,1,1,16160
3162,3162,0,1,1,16160
3163,3163,0,1,1,16160
3164,3164,0,1,1,16176
3165,3165,0,1,1,16176
3166,3166,0,1,1,16176
3167,3167,0,1,1,16176
3168,3168,0,1,1,16184
3169,3169,0,1,1,16184
3170,3170,0,1,1,16184
3171,3171,0,1,1,16184
3172,3172,0,1,1,16180
3173,3173,0,1,1,16180
3174,3174,0,1,1,16180
3175,3175,0,1,1,16180
3176,3176,0,1,1,16172
3177,3177,0,1,1,16172
3178,3178,0,1,1,16172
3179,3179,0,1,1,16172
3180,3180,0,1,1,56
3181,3181,0,1,0,56
3182,3182,0,1,0,56
3183,3183,0,1,0,56
3184,3184,0,1,0,48
3185,3185,0,1,0,48
3186,3186,0,1,0,48
3187,3187,0,1,0,48
3188,3188,0,1,0,16172
3189,3189,0,1,1,16172
3190,3190,0,1,1,16172
3191,3191,0,1,1,16172
3192,3192,0,1,1,16176
3193,3193,0,1,1,16176
3194,3194,0,1,1,16176
3195,3195,0,1,1,16176
3196,3196,0,1,1,16184
3197,3197,0,1,1,16184
3198,3198,0,1,1,16184
3199,3199,0,1,1,16184
3200,3200,0,1,1,48
3201,3201,0,1,0,48
3202,3202,0,1,0,48
3203,3203,0,1,0,48
3204,3204,0,1,0,56
3205,3205,0,1,0,56
3206,3206,0,1,0,56
3207,3207,0,1,0,56
3208,3208,0,1,0,16164
3209,3209,0,1,1,16164
3210,3210,0,1,1,16164
3211,3211,0,1,1,16164
3212,3212,0,1,1,16176
3213,3213,0,1,1,16176
3214,3214,0,1,1,16176
3215,3215,0,1,1,16176
3216,3216,0,1,1,16168
3217,3217,0,1,1,16168
3218,3218,0,1,1,16168
3219,3219,0,1,1,16168
3220,3220,0,1,1,16172
3221,3221,0,1,1,16172
3222,3222,0,1,1,16172
3223,3223,0,1,1,16172
3224,3224,0,1,1,16164
3225,3225,0,1,1,16164
3226,3226,0,1,1,16164
3227,3227,0,1,1,16164
3228,3228,0,1,1,16164
3229,3229,0,1,1,16164
3230,3230,0,1,1,16164
3231,3231,0,1,1,16164
3232,3232,0,1,1,16184
3233,3233,0,1,1,16184
3234,3234,0,1,1,16184
3235,3235,0,1,1,16184
3236,3236,0,1,1,16196
3237,3237,0,1,1,16196
3238,3238,0,1,1,16196
3239,3239,0,1,1,16196
3240,3240,0,1,1,16172
3241,3241,0,1,1,16172
3242,3242,0,1,1,16172
3243,3243,0,1,1,16172
3244,3244,0,1,1,16176
3245,3245,0,1,1,16176
3246,3246,0,1,1,16176
3247,3247,0,1,1,16176
3248,3248,0,1,1,16172
3249,3249,0,1,1,16172
3250,3250,0,1,1,16172
3251,3251,0,1,1,16172
3252,3252,0,1,1,16168
3253,3253,0,1,1,16168
3254,3254,0,1,1,16168
3255,3255,0,1,1,16168
3256,3256,0,1,1,16176
3257,3257,0,1,1,16176
3258,3258,0,1,1,16176
3259,3259,0,1,1,16176
3260,3260,0,1,1,16184
3261,3261,0,1,1,16184
3262,3262,0,1,1,16184
3263,3263,0,1,1,16184
3264,3264,0,1,1,16168
3265,3265,0,1,1,16168
3266,3266,0,1,1,16168
3267,3267,0,1,1,16168
3268,3268,0,1,1,16172
3269,3269,0,1,1,16172
3270,3270,0,1,1,16172
3271,3271,0,1,1,16172
3272,3272,0,1,1,16172
3273,3273,0,1,1,16172
3274,3274,0,1,1,16172
3275,3275,0,1,1,16172
3276,3276,0,1,1,16168
3277,3277,0,1,1,16168
3278,3278,0,1,1,16168
3279,3279,0,1,1,16168
3280,3280,0,1,1,40
3281,3281,0,1,0,40
3282,3282,0,1,0,40
3283,3283,0,1,0,40
3284,3284,0,1,0,60
3285,3285,0,1,0,60
3286,3286,0,1,0,60
3287,3287,0,1,0,60
3288,3288,0,1,0,36
3289,3289,0,1,0,36
3290,3290,0,1,0,36
3291,3291,0,1,0,36
3292,3292,0,1,0,40
3293,3293,0,1,0,40
3294,3294,0,1,0,40
3295,3295,0,1,0,40
3296,3296,0,1,0,44
3297,3297,0,1,0,44
3298,3298,0,1,0,44
3299,3299,0,1,0,44
3300,3300,0,1,0,16164
3301,3301,0,1,1,16164
3302,3302,0,1,1,16164
3303,3303,0,1,1,16164
3304,3304,0,1,1,16172
3305,3305,0,1,1,16172
3306,3306,0,1,1,16172
3307,3307,0,1,1,16172
3308,3308,0,1,1,16168
3309,3309,0,1,1,16168
3310,3310,0,1,1,16168
3311,3311,0,1,1,16168
3312,3312,0,1,1,16164
3313,3313,0,1,1,16164
3314,3314,0,1,1,16164
3315,3315,0,1,1,16164
3316,3316,0,1,1,16168
3317,3317,0,1,1,16168
3318,3318,0,1,1,16168
3319,3319,0,1,1,16168
3320,3320,0,1,1,16176
3321,3321,0,1,1,16176
3322,3322,0,1,1,16176
3323,3323,0,1,1,16176
3324,3324,0,1,1,16172
3325,3325,0,1,1,16172
3326,3326,0,1,1,16172
3327,3327,0,1,1,16172
3328,3328,0,1,1,60
3329,3329,0,1,0,60
3330,3330,0,1,0,60
3331,3331,0,1,0,60
3332,3332,0,1,0,32
3333,3333,0,1,0,32
3334,3334,0,1,0,32
3335,3335,0,1,0,32
3336,3336,0,1,0,48
3337,3337,0,1,0,48
3338,3338,0,1,0,48
3339,3339,0,1,0,48
3340,3340,0,1,0,56
3341,3341,0,1,0,56
3342,3342,0,1,0,56
3343,3343,0,1,0,56
3344,3344,0,1,0,44
3345,3345,0,1,0,44
3346,3346,0,1,0,44
3347,3347,0,1,0,44
3348,3348,0,1,0,32
3349,3349,0,1,0,32
3350,3350,0,1,0,32
3351,3351,0,1,0,32
3352,3352,0,1,0,44
3353,3353,0,1,0,44
3354,3354,0,1,0,44
3355,3355,0,1,0,44
3356,3356,0,1,0,52
3357,3357,0,1,0,52
3358,3358,0,1,0,52
3359,3359,0,1,0,52
3360,3360,0,1,0,48
3361,3361,0,1,0,48
3362,3362,0,1,0,48
3363,3363,0,1,0,48
3364,3364,0,1,0,28
3365,3365,0,1,0,28
3366,3366,0,1,0,28
3367,3367,0,1,0,28
3368,3368,0,1,0,40
3369,3369,0,1,0,40
3370,3370,0,1,0,40
3371,3371,0,1,0,40
3372,3372,0,1,0,36
3373,3373,0,1,0,36
3374,3374,0,1,0,36
3375,3375,0,1,0,36
3376,3376,0,1,0,44
3377,3377,0,1,0,44
3378,3378,0,1,0,44
3379,3379,0,1,0,44
3380,3380,0,1,0,44
3381,3381,0,1,0,44
3382,3382,0,1,0,44
3383,3383,0,1,0,44
3384,3384,0,1,0,44
3385,3385,0,1,0,44
3386,3386,0,1,0,44
3387,3387,0,1,0,44
3388,3388,0,1,0,40
3389,3389,0,1,0,40
3390,3390,0,1,0,40
3391,3391,0,1,0,40
3392,3392,0,1,0,40
3393,3393,0,1,0,40
3394,3394,0,1,0,40
3395,3395,0,1,0,40
3396,3396,0,1,0,56
3397,3397,0,1,0,56
3398,3398,0,1,0,56
3399,3399,0,1,0,56
3400,3400,0,1,0,16156
3401,3401,0,1,1,16156
3402,3402,0,1,1,16156
3403,3403,0,1,1,16156
3404,3404,0,1,1,16176
3405,3405,0,1,1,16176
3406,3406,0,1,1,16176
3407,3407,0,1,1,16176
3408,3408,0,1,1,56
3409,3409,0,1,0,56
3410,3410,0,1,0,56
3411,3411,0,1,0,56
3412,3412,0,1,0,40
3413,3413,0,1,0,40
3414,3414,0,1,0,40
3415,3415,0,1,0,40
3416,3416,0,1,0,44
3417,3417,0,1,0,44
3418,3418,0,1,0,44
3419,3419,0,1,0,44
3420,3420,0,1,0,16172
3421,3421,0,1,1,16172
3422,3422,0,1,1,16172
3423,3423,0,1,1,16172
3424,3424,0,1,1,16160
3425,3425,0,1,1,16160
3426,3426,0,1,1,16160
3427,3427,0,1,1,16160
3428,3428,0,1,1,16168
3429,3429,0,1,1,16168
3430,3430,0,1,1,16168
3431,3431,0,1,1,16168
3432,3432,0,1,1,16176
3433,3433,0,1,1,16176
3434,3434,0,1,1,16176
3435,3435,0,1,1,16176
3436,3436,0,1,1,16184
3437,3437,0,1,1,16184
3438,3438,0,1,1,16184
3439,3439,0,1,1,16184
3440,3440,0,1,1,16168
3441,3441,0,1,1,16168
3442,3442,0,1,1,16168
3443,3443,0,1,1,16168
3444,3444,0,1,1,16172
3445,3445,0,1,1,16172
3446,3446,0,1,1,16172
3447,3447,0,1,1,16172
3448,3448,0,1,1,60
3449,3449,0,1,0,60
3450,3450,0,1,0,60
3451,3451,0,1,0,60
3452,3452,0,1,0,40
3453,3453,0,1,0,40
3454,3454,0,1,0,40
3455,3455,0,1,0,40
3456,3456,0,1,0,48
3457,3457,0,1,0,48
3458,3458,0,1,0,48
3459,3459,0,1,0,48
3460,3460,0,1,0,16200
3461,3461,0,1,1,16200
3462,3462,0,1,1,16200
3463,3463,0,1,1,16200
3464,3464,0,1,1,16176
3465,3465,0,1,1,16176
3466,3466,0,1,1,16176
3467,3467,0,1,1,16176
3468,3468,0,1,1,16180
3469,3469,0,1,1,16180
3470,3470,0,1,1,16180
3471,3471,0,1,1,16180
3472,3472,0,1,1,16176
3473,3473,0,1,1,16176
3474,3474,0,1,1,16176
3475,3475,0,1,1,16176
3476,3476,0,1,1,16176
3477,3477,0,1,1,16176
3478,3478,0,1,1,16176
3479,3479,0,1,1,16176
3480,3480,0,1,1,48
3481,3481,0,1,0,48
3482,3482,0,1,0,48
3483,3483,0,1,0,48
3484,3484,0,1,0,48
3485,3485,0,1,0,48
3486,3486,0,1,0,48
3487,3487,0,1,0,48
3488,3488,0,1,0,64
3489,3489,0,1,0,64
3490,3490,0,1,0,64
3491,3491,0,1,0,64
3492,3492,0,1,0,48
3493,3493,0,1,0,48
3494,3494,0,1,0,48
3495,3495,0,1,0,48
3496,3496,0,1,0,48
3497,3497,0,1,0,48
3498,3498,0,1,0,48
3499,3499,0,1,0,48
3500,3500,0,1,0,16176
3501,3501,0,1,1,16176
3502,3502,0,1,1,16176
3503,3503,0,1,1,16176
3504,3504,0,1,1,16184
3505,3505,0,1,1,16184
3506,3506,0,1,1,16184
3507,3507,0,1,1,16184
3508,3508,0,1,1,16168
3509,3509,0,1,1,16168
3510,3510,0,1,1,16168
3511,3511,0,1,1,16168
3512,3512,0,1,1,16172
3513,3513,0,1,1,16172
3514,3514,0,1,1,16172
3515,3515,0,1,1,16172
3516,3516,0,1,1,16180
3517,3517,0,1,1,16180
3518,3518,0,1,1,16180
3519,3519,0,1,1,16180
3520,3520,0,1,1,16184
3521,3521,0,1,1,16184
3522,3522,0,1,1,16184
3523,3523,0,1,1,16184
3524,3524,0,1,1,16164
3525,3525,0,1,1,16164
3526,3526,0,1,1,16164
3527,3527,0,1,1,16164
3528,3528,0,1,1,16176
3529,3529,0,1,1,16176
3530,3530,0,1,1,16176
3531,3531,0,1,1,16176
3532,3532,0,1,1,16164
3533,3533,0,1,1,16164
3534,3534,0,1,1,16164
3535,3535,0,1,1,16164
3536,3536,0,1,1,16172
3537,3537,0,1,1,16172
3538,3538,0,1,1,16172
3539,3539,0,1,1,16172
3540,3540,0,1,1,44
3541,3541,0,1,0,44
3542,3542,0,1,0,44
3543,3543,0,1,0,44
3544,3544,0,1,0,40
3545,3545,0,1,0,40
3546,3546,0,1,0,40
3547,3547,0,1,0,40
3548,3548,0,1,0,36
3549,3549,0,1,0,36
3550,3550,0,1,0,36
3551,3551,0,1,0,36
3552,3552,0,1,0,48
3553,3553,0,1,0,48
3554,3554,0,1,0,48
3555,3555,0,1,0,48
3556,3556,0,1,0,52
3557,3557,0,1,0,52
3558,3558,0,1,0,52
3559,3559,0,1,0,52
3560,3560,0,1,0,40
3561,3561,0,1,0,40
3562,3562,0,1,0,40
3563,3563,0,1,0,40
3564,3564,0,1,0,40
3565,3565,0,1,0,40
3566,3566,0,1,0,40
3567,3567,0,1,0,40
3568,3568,0,1,0,16172
3569,3569,0,1,1,16172
3570,3570,0,1,1,16172
3571,3571,0,1,1,16172
3572,3572,0,1,1,16184
3573,3573,0,1,1,16184
3574,3574,0,1,1,16184
3575,3575,0,1,1,16184
3576,3576,0,1,1,16168
3577,3577,0,1,1,16168
3578,3578,0,1,1,16168
3579,3579,0,1,1,16168
3580,3580,0,1,1,16180
3581,3581,0,1,1,16180
3582,3582,0,1,1,16180
3583,3583,0,1,1,16180
3584,3584,0,1,1,16184
3585,3585,0,1,1,16184
3586,3586,0,1,1,16184
3587,3587,0,1,1,16184
3588,3588,0,1,1,60
3589,3589,0,1,0,60
3590,3590,0,1,0,60
3591,3591,0,1,0,60
3592,3592,0,1,0,32
3593,3593,0,1,0,32
3594,3594,0,1,0,32
3595,3595,0,1,0,32
3596,3596,0,1,0,32
3597,3597,0,1,0,32
3598,3598,0,1,0,32
3599,3599,0,1,0,32
3600,3600,0,1,0,40
3601,3601,0,1,0,40
3602,3602,0,1,0,40
3603,3603,0,1,0,40
3604,3604,0,1,0,52
3605,3605,0,1,0,52
3606,3606,0,1,0,52
3607,3607,0,1,0,52
3608,3608,0,1,0,56
3609,3609,0,1,0,56
3610,3610,0,1,0,56
3611,3611,0,1,0,56
3612,3612,0,1,0,36
3613,3613,0,1,0,36
3614,3614,0,1,0,36
3615,3615,0,1,0,36
3616,3616,0,1,0,44
3617,3617,0,1,0,44
3618,3618,0,1,0,44
3619,3619,0,1,0,44
3620,3620,0,1,0,36
3621,3621,0,1,0,36
3622,3622,0,1,0,36
3623,3623,0,1,0,36
3624,3624,0,1,0,40
3625,3625,0,1,0,40
3626,3626,0,1,0,40
3627,3627,0,1,0,40
3628,3628,0,1,0,16164
3629,3629,0,1,1,16164
3630,3630,0,1,1,16164
3631,3631,0,1,1,16164
3632,3632,0,1,1,16160
3633,3633,0,1,1,16160
3634,3634,0,1,1,16160
3635,3635,0,1,1,16160
3636,3636,0,1,1,16180
3637,3637,0,1,1,16180
3638,3638,0,1,1,16180
3639,3639,0,1,1,16180
3640,3640,0,1,1,32
3641,3641,0,1,0,32
3642,3642,0,1,0,32
3643,3643,0,1,0,32
3644,3644,0,1,0,48
3645,3645,0,1,0,48
3646,3646,0,1,0,48
3647,3647,0,1,0,48
3648,3648,0,1,0,16164
3649,3649,0,1,1,16164
3650,3650,0,1,1,16164
3651,3651,0,1,1,16164
3652,3652,0,1,1,16176
3653,3653,0,1,1,16176
3654,3654,0,1,1,16176
3655,3655,0,1,1,16176
3656,3656,0,1,1,16168
3657,3657,0,1,1,16168
3658,3658,0,1,1,16168
3659,3659,0,1,1,16168
3660,3660,0,1,1,16172
3661,3661,0,1,1,16172
3662,3662,0,1,1,16172
3663,3663,0,1,1,16172
3664,3664,0,1,1,16176
3665,3665,0,1,1,16176
3666,3666,0,1,1,16176
3667,3667,0,1,1,16176
3668,3668,0,1,1,16172
3669,3669,0,1,1,16172
3670,3670,0,1,1,16172
3671,3671,0,1,1,16172
3672,3672,0,1,1,16176
3673,3673,0,1,1,16176
3674,3674,0,1,1,16176
3675,3675,0,1,1,16176
3676,3676,0,1,1,16180
3677,3677,0,1,1,16180
3678,3678,0,1,1,16180
3679,3679,0,1,1,16180
3680,3680,0,1,1,36
3681,3681,0,1,0,36
3682,3682,0,1,0,36
3683,3683,0,1,0,36
3684,3684,0,1,0,40
3685,3685,0,1,0,40
3686,3686,0,1,0,40
3687,3687,0,1,0,40
3688,3688,0,1,0,16172
3689,3689,0,1,1,16172
3690,3690,0,1,1,16172
3691,3691,0,1,1,16172
3692,3692,0,1,1,16160
3693,3693,0,1,1,16160
3694,3694,0,1,1,16160
3695,3695,0,1,1,16160
3696,3696,0,1,1,16188
3697,3697,0,1,1,16188
3698,3698,0,1,1,16188
3699,3699,0,1,1,16188
3700,3700,0,1,1,16180
3701,3701,0,1,1,16180
3702,3702,0,1,1,16180
3703,3703,0,1,1,16180
3704,3704,0,1,1,16176
3705,3705,0,1,1,16176
3706,3706,0,1,1,16176
3707,3707,0,1,1,16176
3708,3708,0,1,1,48
3709,3709,0,1,0,48
3710,3710,0,1,0,48
3711,3711,0,1,0,48
3712,3712,0,1,0,40
3713,3713,0,1,0,40
3714,3714,0,1,0,40
3715,3715,0,1,0,40
3716,3716,0,1,0,48
3717,3717,0,1,0,48
3718,3718,0,1,0,48
3719,3719,0,1,0,48
3720,3720,0,1,0,16172
3721,3721,0,1,1,16172
3722,3722,0,1,1,16172
3723,3723,0,1,1,16172
3724,3724,0,1,1,16176
3725,3725,0,1,1,16176
3726,3726,0,1,1,16176
3727,3727,0,1,1,16176
3728,3728,0,1,1,16164
3729,3729,0,1,1,16164
3730,3730,0,1,1,16164
3731,3731,0,1,1,16164
3732,3732,0,1,1,16168
3733,3733,0,1,1,16168
3734,3734,0,1,1,16168
3735,3735,0,1,1,16168
3736,3736,0,1,1,16172
3737,3737,0,1,1,16172
3738,3738,0,1,1,16172
3739,3739,0,1,1,16172
3740,3740,0,1,1,56
3741,3741,0,1,0,56
3742,3742,0,1,0,56
3743,3743,0,1,0,56
3744,3744,0,1,0,44
3745,3745,0,1,0,44
3746,3746,0,1,0,44
3747,3747,0,1,0,44
3748,3748,0,1,0,16160
3749,3749,0,1,1,16160
3750,3750,0,1,1,16160
3751,3751,0,1,1,16160
3752,3752,0,1,1,16176
3753,3753,0,1,1,16176
3754,3754,0,1,1,16176
3755,3755,0,1,1,16176
3756,3756,0,1,1,16176
3757,3757,0,1,1,16176
3758,3758,0,1,1,16176
3759,3759,0,1,1,16176
3760,3760,0,1,1,32
3761,3761,0,1,0,32
3762,3762,0,1,0,32
3763,3763,0,1,0,32
3764,3764,0,1,0,40
3765,3765,0,1,0,40
3766,3766,0,1,0,40
3767,3767,0,1,0,40
3768,3768,0,1,0,48
3769,3769,0,1,0,48
3770,3770,0,1,0,48
3771,3771,0,1,0,48
3772,3772,0,1,0,36
3773,3773,0,1,0,36
3774,3774,0,1,0,36
3775,3775,0,1,0,36
3776,3776,0,1,0,44
3777,3777,0,1,0,44
3778,3778,0,1,0,44
3779,3779,0,1,0,44
3780,3780,0,1,0,16180
3781,3781,0,1,1,16180
3782,3782,0,1,1,16180
3783,3783,0,1,1,16180
3784,3784,0,1,1,16168
3785,3785,0,1,1,16168
3786,3786,0,1,1,16168
3787,3787,0,1,1,16168
3788,3788,0,1,1,44
3789,3789,0,1,0,44
3790,3790,0,1,0,44
3791,3791,0,1,0,44
3792,3792,0,1,0,40
3793,3793,0,1,0,40
3794,3794,0,1,0,40
3795,3795,0,1,0,40
3796,3796,0,1,0,40
3797,3797,0,1,0,40
3798,3798,0,1,0,40
3799,3799,0,1,0,40
3800,3800,0,1,0,40
3801,3801,0,1,0,40
3802,3802,0,1,0,40
3803,3803,0,1,0,40
3804,3804,0,1,0,36
3805,3805,0,1,0,36
3806,3806,0,1,0,36
3807,3807,0,1,0,36
3808,3808,0,1,0,16168
3809,3809,0,1,1,16168
3810,3810,0,1,1,16168
3811,3811,0,1,1,16168
3812,3812,0,1,1,16164
3813,3813,0,1,1,16164
3814,3814,0,1,1,16164
3815,3815,0,1,1,16164
3816,3816,0,1,1,16180
3817,3817,0,1,1,16180
3818,3818,0,1,1,16180
3819,3819,0,1,1,16180
3820,3820,0,1,1,16176
3821,3821,0,1,1,16176
3822,3822,0,1,1,16176
3823,3823,0,1,1,16176
3824,3824,0,1,1,16168
3825,3825,0,1,1,16168
3826,3826,0,1,1,16168
3827,3827,0,1,1,16168
3828,3828,0,1,1,56
3829,3829,0,1,0,56
3830,3830,0,1,0,56
3831,3831,0,1,0,56
3832,3832,0,1,0,52
3833,3833,0,1,0,52
3834,3834,0,1,0,52
3835,3835,0,1,0,52
3836,3836,0,1,0,52
3837,3837,0,1,0,52
3838,3838,0,1,0,52
3839,3839,0,1,0,52
3840,3840,0,1,0,36
3841,3841,0,1,0,36
3842,3842,0,1,0,36
3843,3843,0,1,0,36
3844,3844,0,1,0,32
3845,3845,0,1,0,32
3846,3846,0,1,0,32
3847,3847,0,1,0,32
3848,3848,0,1,0,16164
3849,3849,0,1,1,16164
3850,3850,0,1,1,16164
3851,3851,0,1,1,16164
3852,3852,0,1,1,16184
3853,3853,0,1,1,16184
3854,3854,0,1,1,16184
3855,3855,0,1,1,16184
3856,3856,0,1,1,16172
3857,3857,0,1,1,16172
3858,3858,0,1,1,16172
3859,3859,0,1,1,16172
3860,3860,0,1,1,16164
3861,3861,0,1,1,16164
3862,3862,0,1,1,16164
3863,3863,0,1,1,16164
3864,3864,0,1,1,16164
3865,3865,0,1,1,16164
3866,3866,0,1,1,16164
3867,3867,0,1,1,16164
3868,3868,0,1,1,52
3869,3869,0,1,0,52
3870,3870,0,1,0,52
3871,3871,0,1,0,52
3872,3872,0,1,0,36
3873,3873,0,1,0,36
3874,3874,0,1,0,36
3875,3875,0,1,0,36
3876,3876,0,1,0,32
3877,3877,0,1,0,32
3878,3878,0,1,0,32
3879,3879,0,1,0,32
3880,3880,0,1,0,16152
3881,3881,0,1,1,16152
3882,3882,0,1,1,16152
3883,3883,0,1,1,16152
3884,3884,0,1,1,16188
3885,3885,0,1,1,16188
3886,3886,0,1,1,16188
3887,3887,0,1,1,16188
3888,3888,0,1,1,44
3889,3889,0,1,0,44
3890,3890,0,1,0,44
3891,3891,0,1,0,44
3892,3892,0,1,0,52
3893,3893,0,1,0,52
3894,3894,0,1,0,52
3895,3895,0,1,0,52
3896,3896,0,1,0,40
3897,3897,0,1,0,40
3898,3898,0,1,0,40
3899,3899,0,1,0,40
3900,3900,0,1,0,16176
3901,3901,0,1,1,16176
3902,3902,0,1,1,16176
3903,3903,0,1,1,16176
3904,3904,0,1,1,16160
3905,3905,0,1,1,16160
3906,3906,0,1,1,16160
3907,3907,0,1,1,16160
3908,3908,0,1,1,68
3909,3909,0,1,0,68
3910,3910,0,1,0,68
3911,3911,0,1,0,68
3912,3912,0,1,0,40
3913,3913,0,1,0,40
3914,3914,0,1,0,40
3915,3915,0,1,0,40
3916,3916,0,1,0,32
3917,3917,0,1,0,32
3918,3918,0,1,0,32
3919,3919,0,1,0,32
3920,3920,0,1,0,16176
3921,3921,0,1,1,16176
3922,3922,0,1,1,16176
3923,3923,0,1,1,16176
3924,3924,0,1,1,16176
3925,3925,0,1,1,16176
3926,3926,0,1,1,16176
3927,3927,0,1,1,16176
3928,3928,0,1,1,56
3929,3929,0,1,0,56
3930,3930,0,1,0,56
3931,3931,0,1,0,56
3932,3932,0,1,0,48
3933,3933,0,1,0,48
3934,3934,0,1,0,48
3935,3935,0,1,0,48
3936,3936,0,1,0,40
3937,3937,0,1,0,40
3938,3938,0,1,0,40
3939,3939,0,1,0,40
3940,3940,0,1,0,36
3941,3941,0,1,0,36
3942,3942,0,1,0,36
3943,3943,0,1,0,36
3944,3944,0,1,0,24
3945,3945,0,1,0,24
3946,3946,0,1,0,24
3947,3947,0,1,0,24
3948,3948,0,1,0,16160
3949,3949,0,1,1,16160
3950,3950,0,1,1,16160
3951,3951,0,1,1,16160
3952,3952,0,1,1,16180
3953,3953,0,1,1,16180
3954,3954,0,1,1,16180
3955,3955,0,1,1,16180
3956,3956,0,1,1,16172
3957,3957,0,1,1,16172
3958,3958,0,1,1,16172
3959,3959,0,1,1,16172
3960,3960,0,1,1,40
3961,3961,0,1,0,40
3962,3962,0,1,0,40
3963,3963,0,1,0,40
3964,3964,0,1,0,48
3965,3965,0,1,0,48
3966,3966,0,1,0,48
3967,3967,0,1,0,48
3968,3968,0,1,0,16144
3969,3969,0,1,1,16144
3970,3970,0,1,1,16144
3971,3971,0,1,1,16144
3972,3972,0,1,1,16176
3973,3973,0,1,1,16176
3974,3974,0,1,1,16176
3975,3975,0,1,1,16176
3976,3976,0,1,1,16180
3977,3977,0,1,1,16180
3978,3978,0,1,1,16180
3979,3979,0,1,1,16180
3980,3980,0,1,1,16176
3981,3981,0,1,1,16176
3982,3982,0,1,1,16176
3983,3983,0,1,1,16176
3984,3984,0,1,1,16180
3985,3985,0,1,1,16180
3986,3986,0,1,1,16180
3987,3987,0,1,1,16180
3988,3988,0,1,1,68
3989,3989,0,1,0,68
3990,3990,0,1,0,68
3991,3991,0,1,0,68
3992,3992,0,1,0,44
3993,3993,0,1,0,44
3994,3994,0,1,0,44
3995,3995,0,1,0,44
3996,3996,0,1,0,40
3997,3997,0,1,0,40
3998,3998,0,1,0,40
3999,3999,0,1,0,40
4000,4000,0,1,0,48
4001,4001,0,1,0,48
4002,4002,0,1,0,48
4003,4003,0,1,0,48
4004,4004,0,1,0,36
4005,4005,0,1,0,36
4006,4006,0,1,0,36
4007,4007,0,1,0,36
4008,4008,0,1,0,40
4009,4009,0,1,0,40
4010,4010,0,1,0,40
4011,4011,0,1,0,40
4012,4012,0,1,0,40
4013,4013,0,1,0,40
4014,4014,0,1,0,40
4015,4015,0,1,0,40
4016,4016,0,1,0,32
4017,4017,0,1,0,32
4018,4018,0,1,0,32
4019,4019,0,1,0,32
4020,4020,0,1,0,16176
4021,4021,0,1,1,16176
4022,4022,0,1,1,16176
4023,4023,0,1,1,16176
4024,4024,0,1,1,16172
4025,4025,0,1,1,16172
4026,4026,0,1,1,16172
4027,4027,0,1,1,16172
4028,4028,0,1,1,56
4029,4029,0,1,0,56
4030,4030,0,1,0,56
4031,4031,0,1,0,56
4032,4032,0,1,0,36
4033,4033,0,1,0,36
4034,4034,0,1,0,36
4035,4035,0,1,0,36
4036,4036,0,1,0,44
4037,4037,0,1,0,44
4038,4038,0,1,0,44
4039,4039,0,1,0,44
4040,4040,0,1,0,36
4041,4041,0,1,0,36
4042,4042,0,1,0,36
4043,4043,0,1,0,36
4044,4044,0,1,0,56
4045,4045,0,1,0,56
4046,4046,0,1,0,56
4047,4047,0,1,0,56
4048,4048,0,1,0,52
4049,4049,0,1,0,52
4050,4050,0,1,0,52
4051,4051,0,1,0,52
4052,4052,0,1,0,36
4053,4053,0,1,0,36
4054,4054,0,1,0,36
4055,4055,0,1,0,36
4056,4056,0,1,0,48
4057,4057,0,1,0,48
4058,4058,0,1,0,48
4059,4059,0,1,0,48
4060,4060,0,1,0,36
4061,4061,0,1,0,36
4062,4062,0,1,0,36
4063,4063,0,1,0,36
4064,4064,0,1,0,36
4065,4065,0,1,0,36
4066,4066,0,1,0,36
4067,4067,0,1,0,36
4068,4068,0,1,0,40
4069,4069,0,1,0,40
4070,4070,0,1,0,40
4071,4071,0,1,0,40
4072,4072,0,1,0,44
4073,4073,0,1,0,44
4074,4074,0,1,0,44
4075,4075,0,1,0,44
4076,4076,0,1,0,36
4077,4077,0,1,0,36
4078,4078,0,1,0,36
4079,4079,0,1,0,36
4080,4080,0,1,0,40
4081,4081,0,1,0,40
4082,4082,0,1,0,40
4083,4083,0,1,0,40
4084,4084,0,1,0,48
4085,4085,0,1,0,48
4086,4086,0,1,0,48
4087,4087,0,1,0,48
4088,4088,0,1,0,16156
4089,4089,0,1,1,16156
4090,4090,0,1,1,16156
4091,4091,0,1,1,16156
4092,4092,0,1,1,16176
4093,4093,0,1,1,16176
4094,4094,0,1,1,16176
4095,4095,0,1,1,16176
